doc_id,md_file,source_pdf,engine,sitting_date,date_source,session_range,n_chars,duplicate_pdfs_dropped
2010-01-12__11,md/2010-01-12__11.md,todo/2009-2010/2010-01-12-11.pdf,borndigital_deterministic_v2,2010-01-12,filename_or_banner,,185111,2009-2010/2010-01-12-11.pdf;2009-2010/2010-01-12-N_11.pdf;2009-2010/2010-01-12-N_11.pdf
2010-01-19__12,md/2010-01-19__12.md,todo/2009-2010/2010-01-19-12.pdf,borndigital_deterministic_v2,2010-01-19,filename_or_banner,,158872,2009-2010/2010-01-19-12.pdf;2009-2010/2010-01-19-N_12.pdf;2009-2010/2010-01-19-N_12.pdf
2010-02-04__13,md/2010-02-04__13.md,todo/2009-2010/2010-02-04-13.pdf,borndigital_deterministic_v2,2010-02-04,filename_or_banner,,258527,2009-2010/2010-02-04-13.pdf;2009-2010/2010-02-04-N_13.pdf;2009-2010/2010-02-04-N_13.pdf
2010-02-09__14,md/2010-02-09__14.md,todo/2009-2010/2010-02-09-14.pdf,borndigital_deterministic_v2,2010-02-09,filename_or_banner,,291641,2009-2010/2010-02-09-14.pdf;2009-2010/2010-02-09-N_14.pdf;2009-2010/2010-02-09-N_14.pdf
2010-02-16__15,md/2010-02-16__15.md,todo/2009-2010/2010-02-16-15.pdf,borndigital_deterministic_v2,2010-02-16,filename_or_banner,,144927,2009-2010/2010-02-16-15.pdf;2009-2010/2010-02-16-N_15.pdf;2009-2010/2010-02-16-N_15.pdf
2010-03-01__79,md/2010-03-01__79.md,todo/2017-2018/79.pdf,borndigital_deterministic_v2,2010-03-01,banner_recovered,,200390,
2010-03-02__16,md/2010-03-02__16.md,todo/2009-2010/2010-03-02-16.pdf,borndigital_deterministic_v2,2010-03-02,filename_or_banner,,133984,2009-2010/2010-03-02-16.pdf;2009-2010/2010-03-02-N_16.pdf;2009-2010/2010-03-02-N_16.pdf
2010-03-18__17,md/2010-03-18__17.md,todo/2009-2010/2010-03-18-17.pdf,borndigital_deterministic_v2,2010-03-18,filename_or_banner,,152000,2009-2010/2010-03-18-17.pdf;2009-2010/2010-03-18-N_17.pdf;2009-2010/2010-03-18-N_17.pdf
2010-03-18__18,md/2010-03-18__18.md,todo/2009-2010/2010-03-18-18.pdf,borndigital_deterministic_v2,2010-03-18,filename_or_banner,,133295,2009-2010/2010-03-18-18.pdf;2009-2010/2010-03-18-N_18.pdf;2009-2010/2010-03-18-N_18.pdf
2010-03-29__19,md/2010-03-29__19.md,todo/2009-2010/2010-03-29-19.pdf,borndigital_deterministic_v2,2010-03-29,filename_or_banner,,79867,2009-2010/2010-03-29-19.pdf;2009-2010/2010-03-29-N_19.pdf;2009-2010/2010-03-29-N_19.pdf
2010-04-05__20,md/2010-04-05__20.md,todo/2009-2010/2010-04-05-20.pdf,borndigital_deterministic_v2,2010-04-05,filename_or_banner,,140061,2009-2010/2010-04-05-20.pdf;2009-2010/2010-04-05-N_20.pdf;2009-2010/2010-04-05-N_20.pdf
2010-04-13__21,md/2010-04-13__21.md,todo/2009-2010/2010-04-13-21.pdf,borndigital_deterministic_v2,2010-04-13,filename_or_banner,,129235,2009-2010/2010-04-13-21.pdf;2009-2010/2010-04-13-N_21.pdf;2009-2010/2010-04-13-N_21.pdf
2010-04-29__22,md/2010-04-29__22.md,todo/2009-2010/2010-04-29-22.pdf,borndigital_deterministic_v2,2010-04-29,filename_or_banner,,196135,2009-2010/2010-04-29-22.pdf;2009-2010/2010-04-29-N_22.pdf;2009-2010/2010-04-29-N_22.pdf
2010-05-04__23,md/2010-05-04__23.md,todo/2010/2010-05-04-23.pdf,mistral_ocr4_colsplit,2010-05-04,filename,,260022,2010/2010-05-04-N_23.pdf
2010-05-11__24,md/2010-05-11__24.md,todo/2009-2010/2010-05-11-24.pdf,borndigital_deterministic_v2,2010-05-11,filename_or_banner,,126296,2009-2010/2010-05-11-24.pdf;2009-2010/2010-05-11-N_24.pdf;2009-2010/2010-05-11-N_24.pdf
2010-05-27__25,md/2010-05-27__25.md,todo/2009-2010/2010-05-27-25.pdf,borndigital_deterministic_v2,2010-05-27,filename_or_banner,,185059,2009-2010/2010-05-27-25.pdf;2009-2010/2010-05-27-N_25.pdf;2009-2010/2010-05-27-N_25.pdf
2010-06-03__26,md/2010-06-03__26.md,todo/2009-2010/2010-06-03-26.pdf,borndigital_deterministic_v2,2010-06-03,filename_or_banner,,139787,2009-2010/2010-06-03-26.pdf;2009-2010/2010-06-03-N_26.pdf;2009-2010/2010-06-03-N_26.pdf
2010-06-15__27,md/2010-06-15__27.md,todo/2009-2010/2010-06-15-27.pdf,borndigital_deterministic_v2,2010-06-15,filename_or_banner,,179084,2009-2010/2010-06-15-27.pdf;2009-2010/2010-06-15-N_27.pdf;2009-2010/2010-06-15-N_27.pdf
2010-07-05__28,md/2010-07-05__28.md,todo/2010/2010-07-05-28.pdf,mistral_ocr4_colsplit,2010-07-05,filename,,557933,2010/2010-07-05-N_28.pdf
2010-07-07__29,md/2010-07-07__29.md,todo/2009-2010/2010-07-07-29.pdf,borndigital_deterministic_v2,2010-07-07,filename_or_banner,,70024,2009-2010/2010-07-07-29.pdf;2009-2010/2010-07-07-N_29.pdf;2009-2010/2010-07-07-N_29.pdf
2010-07-20__30,md/2010-07-20__30.md,todo/2009-2010/2010-07-20-30.pdf,borndigital_deterministic_v2,2010-07-20,filename_or_banner,,221147,2009-2010/2010-07-20-30.pdf;2009-2010/2010-07-20-N_30.pdf;2009-2010/2010-07-20-N_30.pdf
2010-10-12__1,md/2010-10-12__1.md,todo/Mudawalat_2010-11/2010-10-12-1.pdf,borndigital_deterministic_v2,2010-10-12,filename_or_banner,,17927,Mudawalat_2010-11/2010-10-12-N_1.pdf
2010-10-12__2,md/2010-10-12__2.md,todo/Mudawalat_2010-11/2010-10-12-2.pdf,borndigital_deterministic_v2,2010-10-12,filename_or_banner,,9474,Mudawalat_2010-11/2010-10-12-N_2.pdf
2010-10-19__3,md/2010-10-19__3.md,todo/Mudawalat_2010-11/2010-10-19-3.pdf,borndigital_deterministic_v2,2010-10-19,filename_or_banner,,156211,Mudawalat_2010-11/2010-10-19-N_3.pdf
2011-01-17__28,md/2011-01-17__28.md,todo/2016-2017/28.pdf,borndigital_deterministic_v2,2011-01-17,banner_recovered,,160674,2016-2017/28.pdf
2011-06-11__102,md/2011-06-11__102.md,todo/2018-2019/102.pdf,borndigital_deterministic_v2,2011-06-11,banner_recovered,,150783,
2011-11-19__seg040,md/2011-11-19__seg040.md,todo/Mudawalat_2011_Tome_3_part09.pdf,mistral_ocr4_colsplit,2011-11-19,banner_or_carried_forward,,115321,Mudawalat_2011_Tome_3_part10.pdf
2012-02-01__seg000,md/2012-02-01__seg000.md,todo/Mudawalat_2011_Tome_1_part01.pdf,mistral_ocr4_colsplit,2012-02-01,banner_or_carried_forward,,44610,
2012-02-03__seg001,md/2012-02-03__seg001.md,todo/Mudawalat_2011_Tome_1_part01.pdf,mistral_ocr4_colsplit,2012-02-03,banner_or_carried_forward,,27973,Mudawalat_2011_Tome_1_part02.pdf
2012-02-28__seg002,md/2012-02-28__seg002.md,todo/Mudawalat_2011_Tome_1_part02.pdf,mistral_ocr4_colsplit,2012-02-28,banner_or_carried_forward,,139495,
2012-10-23__seg003,md/2012-10-23__seg003.md,todo/Mudawalat_2011_Tome_1_part02.pdf,mistral_ocr4_colsplit,2012-10-23,banner_or_carried_forward,,152101,Mudawalat_2011_Tome_1_part03.pdf
2012-10-24__seg004,md/2012-10-24__seg004.md,todo/Mudawalat_2011_Tome_1_part03.pdf,mistral_ocr4_colsplit,2012-10-24,banner_or_carried_forward,,540415,Mudawalat_2011_Tome_1_part04.pdf;Mudawalat_2011_Tome_1_part05.pdf;Mudawalat_2011_Tome_1_part06.pdf
2013-01-18__seg005,md/2013-01-18__seg005.md,todo/Mudawalat_2011_Tome_1_part06.pdf,mistral_ocr4_colsplit,2013-01-18,banner_or_carried_forward,,223386,Mudawalat_2011_Tome_1_part07.pdf;Mudawalat_2011_Tome_1_part08.pdf
2013-01-21__seg006,md/2013-01-21__seg006.md,todo/Mudawalat_2011_Tome_1_part08.pdf,mistral_ocr4_colsplit,2013-01-21,banner_or_carried_forward,,79214,
2013-01-23__seg007,md/2013-01-23__seg007.md,todo/Mudawalat_2011_Tome_1_part08.pdf,mistral_ocr4_colsplit,2013-01-23,banner_or_carried_forward,,209736,Mudawalat_2011_Tome_1_part09.pdf
2013-01-29__seg008,md/2013-01-29__seg008.md,todo/Mudawalat_2011_Tome_1_part09.pdf,mistral_ocr4_colsplit,2013-01-29,banner_or_carried_forward,,225803,Mudawalat_2011_Tome_1_part10.pdf;Mudawalat_2011_Tome_1_part11.pdf
2013-01-31__seg009,md/2013-01-31__seg009.md,todo/Mudawalat_2011_Tome_1_part11.pdf,mistral_ocr4_colsplit,2013-01-31,banner_or_carried_forward,,171200,Mudawalat_2011_Tome_1_part12.pdf
2013-02-01__seg010,md/2013-02-01__seg010.md,todo/Mudawalat_2011_Tome_1_part12.pdf,mistral_ocr4_colsplit,2013-02-01,banner_or_carried_forward,,61945,Mudawalat_2011_Tome_2_part01.pdf
2013-02-04__seg011,md/2013-02-04__seg011.md,todo/Mudawalat_2011_Tome_2_part01.pdf,mistral_ocr4_colsplit,2013-02-04,banner_or_carried_forward,,90681,
2013-02-05__seg012,md/2013-02-05__seg012.md,todo/Mudawalat_2011_Tome_2_part01.pdf,mistral_ocr4_colsplit,2013-02-05,banner_or_carried_forward,,118586,Mudawalat_2011_Tome_2_part02.pdf
2013-02-11__seg013,md/2013-02-11__seg013.md,todo/Mudawalat_2011_Tome_2_part02.pdf,mistral_ocr4_colsplit,2013-02-11,banner_or_carried_forward,,54534,
2013-02-12__seg014,md/2013-02-12__seg014.md,todo/Mudawalat_2011_Tome_2_part02.pdf,mistral_ocr4_colsplit,2013-02-12,banner_or_carried_forward,,184902,Mudawalat_2011_Tome_2_part03.pdf
2013-02-18__seg015,md/2013-02-18__seg015.md,todo/Mudawalat_2011_Tome_2_part03.pdf,mistral_ocr4_colsplit,2013-02-18,banner_or_carried_forward,,116157,Mudawalat_2011_Tome_2_part04.pdf
2013-02-19__seg016,md/2013-02-19__seg016.md,todo/Mudawalat_2011_Tome_2_part04.pdf,mistral_ocr4_colsplit,2013-02-19,banner_or_carried_forward,,309757,Mudawalat_2011_Tome_2_part05.pdf
2013-02-21__seg017,md/2013-02-21__seg017.md,todo/Mudawalat_2011_Tome_2_part05.pdf,mistral_ocr4_colsplit,2013-02-21,banner_or_carried_forward,,208533,Mudawalat_2011_Tome_2_part06.pdf
2013-02-22__seg018,md/2013-02-22__seg018.md,todo/Mudawalat_2011_Tome_2_part06.pdf,mistral_ocr4_colsplit,2013-02-22,banner_or_carried_forward,,118112,Mudawalat_2011_Tome_2_part07.pdf
2013-02-25__seg019,md/2013-02-25__seg019.md,todo/Mudawalat_2011_Tome_2_part07.pdf,mistral_ocr4_colsplit,2013-02-25,banner_or_carried_forward,,22885,
2013-07-01__seg020,md/2013-07-01__seg020.md,todo/Mudawalat_2011_Tome_2_part07.pdf,mistral_ocr4_colsplit,2013-07-01,banner_or_carried_forward,,84123,Mudawalat_2011_Tome_2_part08.pdf
2013-07-02__seg021,md/2013-07-02__seg021.md,todo/Mudawalat_2011_Tome_2_part08.pdf,mistral_ocr4_colsplit,2013-07-02,banner_or_carried_forward,,173173,
2013-07-04__seg022,md/2013-07-04__seg022.md,todo/Mudawalat_2011_Tome_2_part08.pdf,mistral_ocr4_colsplit,2013-07-04,banner_or_carried_forward,,161140,Mudawalat_2011_Tome_2_part09.pdf
2013-07-06__seg023,md/2013-07-06__seg023.md,todo/Mudawalat_2011_Tome_2_part09.pdf,mistral_ocr4_colsplit,2013-07-06,banner_or_carried_forward,,85437,Mudawalat_2011_Tome_2_part10.pdf
2013-07-08__seg024,md/2013-07-08__seg024.md,todo/Mudawalat_2011_Tome_2_part10.pdf,mistral_ocr4_colsplit,2013-07-08,banner_or_carried_forward,,180204,Mudawalat_2011_Tome_2_part11.pdf
2013-07-11__seg025,md/2013-07-11__seg025.md,todo/Mudawalat_2011_Tome_2_part11.pdf,mistral_ocr4_colsplit,2013-07-11,banner_or_carried_forward,,158502,
2013-07-12__seg026,md/2013-07-12__seg026.md,todo/Mudawalat_2011_Tome_2_part11.pdf,mistral_ocr4_colsplit,2013-07-12,banner_or_carried_forward,,145392,Mudawalat_2011_Tome_2_part12.pdf
2013-07-15__seg027,md/2013-07-15__seg027.md,todo/Mudawalat_2011_Tome_2_part12.pdf,mistral_ocr4_colsplit,2013-07-15,banner_or_carried_forward,,207897,Mudawalat_2011_Tome_2_part13.pdf;Mudawalat_2011_Tome_3_part01.pdf
2014-01-01__seg041,md/2014-01-01__seg041.md,todo/Mudawalat_2011_Tome_3_part10.pdf,mistral_ocr4_colsplit,2014-01-01,banner_or_carried_forward,,149893,Mudawalat_2011_Tome_3_part11.pdf
2014-01-03__seg028,md/2014-01-03__seg028.md,todo/Mudawalat_2011_Tome_3_part01.pdf,mistral_ocr4_colsplit,2014-01-03,banner_or_carried_forward,,139329,
2014-01-04__seg029,md/2014-01-04__seg029.md,todo/Mudawalat_2011_Tome_3_part01.pdf,mistral_ocr4_colsplit,2014-01-04,banner_or_carried_forward,,195455,Mudawalat_2011_Tome_3_part02.pdf;Mudawalat_2011_Tome_3_part03.pdf
2014-01-06__seg030,md/2014-01-06__seg030.md,todo/Mudawalat_2011_Tome_3_part03.pdf,mistral_ocr4_colsplit,2014-01-06,banner_or_carried_forward,,52782,
2014-01-06__seg031,md/2014-01-06__seg031.md,todo/Mudawalat_2011_Tome_3_part03.pdf,mistral_ocr4_colsplit,2014-01-06,banner_or_carried_forward,,147988,Mudawalat_2011_Tome_3_part04.pdf
2014-01-06__seg032,md/2014-01-06__seg032.md,todo/Mudawalat_2011_Tome_3_part04.pdf,mistral_ocr4_colsplit,2014-01-06,banner_or_carried_forward,,110713,Mudawalat_2011_Tome_3_part05.pdf
2014-01-09__seg033,md/2014-01-09__seg033.md,todo/Mudawalat_2011_Tome_3_part05.pdf,mistral_ocr4_colsplit,2014-01-09,banner_or_carried_forward,,100924,
2014-01-10__seg034,md/2014-01-10__seg034.md,todo/Mudawalat_2011_Tome_3_part05.pdf,mistral_ocr4_colsplit,2014-01-10,banner_or_carried_forward,,139490,Mudawalat_2011_Tome_3_part06.pdf
2014-01-10__seg035,md/2014-01-10__seg035.md,todo/Mudawalat_2011_Tome_3_part06.pdf,mistral_ocr4_colsplit,2014-01-10,banner_or_carried_forward,,81622,Mudawalat_2011_Tome_3_part07.pdf
2014-01-12__seg036,md/2014-01-12__seg036.md,todo/Mudawalat_2011_Tome_3_part07.pdf,mistral_ocr4_colsplit,2014-01-12,banner_or_carried_forward,,78908,Mudawalat_2011_Tome_3_part08.pdf
2014-01-13__seg037,md/2014-01-13__seg037.md,todo/Mudawalat_2011_Tome_3_part08.pdf,mistral_ocr4_colsplit,2014-01-13,banner_or_carried_forward,,87978,
2014-01-14__seg038,md/2014-01-14__seg038.md,todo/Mudawalat_2011_Tome_3_part08.pdf,mistral_ocr4_colsplit,2014-01-14,banner_or_carried_forward,,42870,
2014-01-16__seg039,md/2014-01-16__seg039.md,todo/Mudawalat_2011_Tome_3_part08.pdf,mistral_ocr4_colsplit,2014-01-16,banner_or_carried_forward,,91179,Mudawalat_2011_Tome_3_part09.pdf
2014-01-21__seg042,md/2014-01-21__seg042.md,todo/Mudawalat_2011_Tome_3_part11.pdf,mistral_ocr4_colsplit,2014-01-21,banner_or_carried_forward,,35019,
2014-01-23__seg043,md/2014-01-23__seg043.md,todo/Mudawalat_2011_Tome_3_part11.pdf,mistral_ocr4_colsplit,2014-01-23,banner_or_carried_forward,,65593,
2014-01-23__seg044,md/2014-01-23__seg044.md,todo/Mudawalat_2011_Tome_3_part11.pdf,mistral_ocr4_colsplit,2014-01-23,banner_or_carried_forward,,8167,Mudawalat_2011_Tome_3_part12.pdf
2014-01-26__seg045,md/2014-01-26__seg045.md,todo/Mudawalat_2011_Tome_3_part12.pdf,mistral_ocr4_colsplit,2014-01-26,banner_or_carried_forward,,58170,
2014-01-27__seg046,md/2014-01-27__seg046.md,todo/Mudawalat_2011_Tome_3_part12.pdf,mistral_ocr4_colsplit,2014-01-27,banner_or_carried_forward,,69621,
2014-01-27__seg047,md/2014-01-27__seg047.md,todo/Mudawalat_2011_Tome_3_part12.pdf,mistral_ocr4_colsplit,2014-01-27,banner_or_carried_forward,,59458,Mudawalat_2011_Tome_3_part13.pdf
2014-11-20__seg048,md/2014-11-20__seg048.md,todo/Mudawalat_2011_Tome_3_part13.pdf,mistral_ocr4_colsplit,2014-11-20,banner_or_carried_forward,,116098,
2014-11-20__seg049,md/2014-11-20__seg049.md,todo/Mudawalat_2011_Tome_3_part13.pdf,mistral_ocr4_colsplit,2014-11-20,banner_or_carried_forward,,51484,Mudawalat_2011_Tome_3_part14.pdf
2014-12-02__N01,md/2014-12-02__N01.md,todo/2014-2015/2014-12-04_02_N_01.pdf,mistral_ocr4_colsplit,2014-12-02,multiday_first_day_min,,85693,
2014-12-09__02,md/2014-12-09__02.md,todo/2014-2015/2014-12-09_N_02.pdf,mistral_ocr4_colsplit,2014-12-09,filename,,20125,
2014-12-10__03,md/2014-12-10__03.md,todo/2014-2015/2014-12-10_N_03.pdf,borndigital_deterministic_v2,2014-12-10,filename_or_banner,,394910,
2014-12-30__04,md/2014-12-30__04.md,todo/2014-2015/2014-12-30_N_04.pdf,borndigital_deterministic_v2,2014-12-30,filename_or_banner,,45455,
2014-12-31__05,md/2014-12-31__05.md,todo/2014-2015/2014-12-31_N_05.pdf,borndigital_deterministic_v2,2014-12-31,filename_or_banner,,15521,
2015-01-20__06,md/2015-01-20__06.md,todo/2014-2015/2015-01-20_N_06.pdf,borndigital_deterministic_v2,2015-01-20,filename_or_banner,,48380,
2015-01-21__07,md/2015-01-21__07.md,todo/2014-2015/2015-01-21_N_07.pdf,mistral_ocr4_colsplit,2015-01-21,filename,,136611,
2015-01-22__08,md/2015-01-22__08.md,todo/2014-2015/2015-01-22_N_08.pdf,mistral_ocr4_colsplit,2015-01-22,filename,,98180,
2015-01-23__09,md/2015-01-23__09.md,todo/2014-2015/2015-01-23_N_09.pdf,borndigital_deterministic_v2,2015-01-23,filename_or_banner,,20624,
2015-01-24__10,md/2015-01-24__10.md,todo/2014-2015/2015-01-24_N_10.pdf,mistral_ocr4_colsplit,2015-01-24,filename,,73741,
2015-01-26__11,md/2015-01-26__11.md,todo/2014-2015/2015-01-26_N_11.pdf,mistral_ocr4_colsplit,2015-01-26,filename,,38821,
2015-02-04__12,md/2015-02-04__12.md,todo/2014-2015/2015-02-04_N_12.pdf,mistral_ocr4_colsplit,2015-02-04,filename,,242308,
2015-02-05__13,md/2015-02-05__13.md,todo/2014-2015/2015-02-05_N_13.pdf,borndigital_deterministic_v2,2015-02-05,filename_or_banner,,95342,
2015-02-20__14,md/2015-02-20__14.md,todo/2014-2015/2015-02-20_N_14.pdf,borndigital_deterministic_v2,2015-02-20,filename_or_banner,,4884,
2015-02-27__15,md/2015-02-27__15.md,todo/2014-2015/2015-02-27_N_15.pdf,borndigital_deterministic_v2,2015-02-27,filename_or_banner,,116069,
2015-03-04__16,md/2015-03-04__16.md,todo/2014-2015/2015-03-04_N_16.pdf,borndigital_deterministic_v2,2015-03-04,filename_or_banner,,61349,
2015-03-05__17,md/2015-03-05__17.md,todo/2014-2015/2015-03-05_N_17.pdf,borndigital_deterministic_v2,2015-03-05,filename_or_banner,,100571,
2015-03-06__18,md/2015-03-06__18.md,todo/2014-2015/2015-03-06_N_18.pdf,borndigital_deterministic_v2,2015-03-06,filename_or_banner,,93866,
2015-03-18__19,md/2015-03-18__19.md,todo/2014-2015/2015-03-18_N_19.pdf,borndigital_deterministic_v2,2015-03-18,filename_or_banner,,48980,
2015-04-01__20,md/2015-04-01__20.md,todo/2014-2015/2015-04-01_N_20.pdf,borndigital_deterministic_v2,2015-04-01,filename_or_banner,,118492,
2015-04-03__21,md/2015-04-03__21.md,todo/2014-2015/2015-04-03_N_21.pdf,borndigital_deterministic_v2,2015-04-03,filename_or_banner,,255345,
2015-04-08__22,md/2015-04-08__22.md,todo/2014-2015/2015-04-08_N_22.pdf,borndigital_deterministic_v2,2015-04-08,filename_or_banner,,130297,
2015-04-14__23,md/2015-04-14__23.md,todo/2014-2015/2015-04-14_N_23.pdf,borndigital_deterministic_v2,2015-04-14,filename_or_banner,,243402,
2015-04-15__24,md/2015-04-15__24.md,todo/2014-2015/2015-04-15_N_24.pdf,borndigital_deterministic_v2,2015-04-15,filename_or_banner,,96597,
2015-05-05__25,md/2015-05-05__25.md,todo/2014-2015/2015-05-05_N_25.pdf,borndigital_deterministic_v2,2015-05-05,filename_or_banner,,255046,
2015-05-12__26,md/2015-05-12__26.md,todo/2014-2015/2015-05-12_N_26.pdf,borndigital_deterministic_v2,2015-05-12,filename_or_banner,,225613,
2015-05-13__N27,md/2015-05-13__N27.md,todo/2014-2015/2015-05-13_14_N_27.pdf,borndigital_deterministic_v2,2015-05-13,multiday_first_day_min,,263920,
2015-05-15__28,md/2015-05-15__28.md,todo/2014-2015/2015-05-15_N_28.pdf,borndigital_deterministic_v2,2015-05-15,filename_or_banner,,49374,
2015-05-18__29,md/2015-05-18__29.md,todo/2014-2015/2015-05-18_N_29.pdf,borndigital_deterministic_v2,2015-05-18,filename_or_banner,,27823,
2015-05-19__30,md/2015-05-19__30.md,todo/2014-2015/2015-05-19_N_30.pdf,borndigital_deterministic_v2,2015-05-19,filename_or_banner,,312555,
2015-05-31__31,md/2015-05-31__31.md,todo/2014-2015/2015-05-31_N_31.pdf,borndigital_deterministic_v2,2015-05-31,filename_or_banner,,106496,
2015-06-05__32,md/2015-06-05__32.md,todo/2014-2015/2015-06-05_N_32.pdf,borndigital_deterministic_v2,2015-06-05,filename_or_banner,,325356,
2015-06-10__33,md/2015-06-10__33.md,todo/2014-2015/2015-06-10_N_33.pdf,borndigital_deterministic_v2,2015-06-10,filename_or_banner,,228919,
2015-06-23__34,md/2015-06-23__34.md,todo/2014-2015/2015-06-23_N_34.pdf,borndigital_deterministic_v2,2015-06-23,filename_or_banner,,83991,
2015-06-30__35,md/2015-06-30__35.md,todo/2014-2015/2015-06-30_N_35.pdf,borndigital_deterministic_v2,2015-06-30,filename_or_banner,,155959,
2015-07-07__36,md/2015-07-07__36.md,todo/2014-2015/2015-07-07_N_36.pdf,borndigital_deterministic_v2,2015-07-07,filename_or_banner,,137134,
2015-07-08__37,md/2015-07-08__37.md,todo/2014-2015/2015-07-08_N_37.pdf,borndigital_deterministic_v2,2015-07-08,filename_or_banner,,91428,
2015-07-22__39,md/2015-07-22__39.md,todo/2014-2015/2015-07-22_N_39.pdf,borndigital_deterministic_v2,2015-07-22,filename_or_banner,,317272,
2015-07-23__40,md/2015-07-23__40.md,todo/2014-2015/2015-07-23_N_40.pdf,borndigital_deterministic_v2,2015-07-23,filename_or_banner,,190422,
2015-07-24__41,md/2015-07-24__41.md,todo/2014-2015/2015-07-24_N_41.pdf,borndigital_deterministic_v2,2015-07-24,filename_or_banner,,114429,
2015-08-03__01,md/2015-08-03__01.md,todo/extraordinary_session_2015/2015-08-03_N_01.pdf,borndigital_deterministic_v2,2015-08-03,filename_or_banner,,118739,
2015-08-04__02,md/2015-08-04__02.md,todo/extraordinary_session_2015/2015-08-04_N_02.pdf,borndigital_deterministic_v2,2015-08-04,filename_or_banner,,280100,
2015-08-05__03,md/2015-08-05__03.md,todo/extraordinary_session_2015/2015-08-05_N_03.pdf,borndigital_deterministic_v2,2015-08-05,filename_or_banner,,210957,
2015-08-06__04,md/2015-08-06__04.md,todo/extraordinary_session_2015/2015-08-06_N_04.pdf,borndigital_deterministic_v2,2015-08-06,filename_or_banner,,307551,
2015-08-27__05,md/2015-08-27__05.md,todo/extraordinary_session_2015/2015-08-27_N_05.pdf,borndigital_deterministic_v2,2015-08-27,filename_or_banner,,230461,
2015-08-28__06,md/2015-08-28__06.md,todo/extraordinary_session_2015/2015-08-28_N_06.pdf,borndigital_deterministic_v2,2015-08-28,filename_or_banner,,144310,
2015-09-01__07,md/2015-09-01__07.md,todo/extraordinary_session_2015/2015-09-01_N_07.pdf,borndigital_deterministic_v2,2015-09-01,filename_or_banner,,142497,
2015-09-08__08,md/2015-09-08__08.md,todo/extraordinary_session_2015/2015-09-08_N_08.pdf,borndigital_deterministic_v2,2015-09-08,filename_or_banner,,256798,
2015-09-09__09,md/2015-09-09__09.md,todo/extraordinary_session_2015/2015-09-09_N_09.pdf,borndigital_deterministic_v2,2015-09-09,filename_or_banner,,120399,
2015-10-01__10,md/2015-10-01__10.md,todo/extraordinary_session_2015/2015-10-01_N_10.pdf,borndigital_deterministic_v2,2015-10-01,filename_or_banner,,153389,
2015-10-20__01,md/2015-10-20__01.md,todo/2015-2016/2015-10-20_N_01.pdf,borndigital_deterministic_v2,2015-10-20,filename_or_banner,,177937,
2015-11-10__02,md/2015-11-10__02.md,todo/2015-2016/2015-11-10_N_02.pdf,borndigital_deterministic_v2,2015-11-10,filename_or_banner,,279178,
2015-11-11__03,md/2015-11-11__03.md,todo/2015-2016/2015-11-11_N_03.pdf,mistral_ocr4_colsplit,2015-11-11,filename,,155204,
2015-11-12__04,md/2015-11-12__04.md,todo/2015-2016/2015-11-12_N_04.pdf,borndigital_deterministic_v2,2015-11-12,filename_or_banner,,100637,
2015-11-13__05,md/2015-11-13__05.md,todo/2015-2016/2015-11-13_N_05.pdf,borndigital_deterministic_v2,2015-11-13,filename_or_banner,,161144,
2015-11-14__06,md/2015-11-14__06.md,todo/2015-2016/2015-11-14_N_06.pdf,borndigital_deterministic_v2,2015-11-14,filename_or_banner,,168928,
2015-11-16__07,md/2015-11-16__07.md,todo/2015-2016/2015-11-16_N_07.pdf,borndigital_deterministic_v2,2015-11-16,filename_or_banner,,37241,
2015-11-18__08,md/2015-11-18__08.md,todo/2015-2016/2015-11-18_N_08.pdf,borndigital_deterministic_v2,2015-11-18,filename_or_banner,,61638,
2015-11-19__09,md/2015-11-19__09.md,todo/2015-2016/2015-11-19_N_09.pdf,borndigital_deterministic_v2,2015-11-19,filename_or_banner,,115538,
2015-11-20__10,md/2015-11-20__10.md,todo/2015-2016/2015-11-20_N_10.pdf,borndigital_deterministic_v2,2015-11-20,filename_or_banner,,103711,
2015-11-26__11,md/2015-11-26__11.md,todo/2015-2016/2015-11-26_N_11.pdf,borndigital_deterministic_v2,2015-11-26,filename_or_banner,,218669,
2015-11-27__12,md/2015-11-27__12.md,todo/2015-2016/2015-11-27_N_12.pdf,borndigital_deterministic_v2,2015-11-27,filename_or_banner,,226542,
2015-11-28__13,md/2015-11-28__13.md,todo/2015-2016/2015-11-28_N_13.pdf,borndigital_deterministic_v2,2015-11-28,filename_or_banner,,349148,
2015-11-29__14,md/2015-11-29__14.md,todo/2015-2016/2015-11-29_N_14.pdf,borndigital_deterministic_v2,2015-11-29,filename_or_banner,,134616,
2015-11-30__15,md/2015-11-30__15.md,todo/2015-2016/2015-11-30_N_15.pdf,borndigital_deterministic_v2,2015-11-30,filename_or_banner,,264895,
2015-12-01__16,md/2015-12-01__16.md,todo/2015-2016/2015-12-01_N_16.pdf,borndigital_deterministic_v2,2015-12-01,filename_or_banner,,374373,
2015-12-02__17,md/2015-12-02__17.md,todo/2015-2016/2015-12-02_N_17.pdf,mistral_ocr4_colsplit,2015-12-02,filename,,333998,
2015-12-03__18,md/2015-12-03__18.md,todo/2015-2016/2015-12-03_N_18.pdf,borndigital_deterministic_v2,2015-12-03,filename_or_banner,,361463,
2015-12-04__19,md/2015-12-04__19.md,todo/2015-2016/2015-12-04_N_19.pdf,borndigital_deterministic_v2,2015-12-04,filename_or_banner,,317300,
2015-12-05__20,md/2015-12-05__20.md,todo/2015-2016/2015-12-05_N_20.pdf,mistral_ocr4_colsplit,2015-12-05,filename,,378668,
2015-12-06__21,md/2015-12-06__21.md,todo/2015-2016/2015-12-06_N_21.pdf,borndigital_deterministic_v2,2015-12-06,filename_or_banner,,392456,
2015-12-07__22,md/2015-12-07__22.md,todo/2015-2016/2015-12-07_N_22.pdf,borndigital_deterministic_v2,2015-12-07,filename_or_banner,,459792,
2015-12-08__23,md/2015-12-08__23.md,todo/2015-2016/2015-12-08_N_23.pdf,borndigital_deterministic_v2,2015-12-08,filename_or_banner,,207254,
2015-12-09__24,md/2015-12-09__24.md,todo/2015-2016/2015-12-09_N_24.pdf,borndigital_deterministic_v2,2015-12-09,filename_or_banner,,113853,
2015-12-10__25,md/2015-12-10__25.md,todo/2015-2016/2015-12-10_N_25.pdf,borndigital_deterministic_v2,2015-12-10,filename_or_banner,,203117,
2015-12-11__26,md/2015-12-11__26.md,todo/2015-2016/2015-12-11_N_26.pdf,borndigital_deterministic_v2,2015-12-11,filename_or_banner,,278092,
2016-01-19__27,md/2016-01-19__27.md,todo/2015-2016/2016-01-19_N_27.pdf,borndigital_deterministic_v2,2016-01-19,filename_or_banner,,272292,
2016-01-26__28,md/2016-01-26__28.md,todo/2015-2016/2016-01-26_N_28.pdf,borndigital_deterministic_v2,2016-01-26,filename_or_banner,,115317,
2016-01-27__29,md/2016-01-27__29.md,todo/2015-2016/2016-01-27_N_29.pdf,borndigital_deterministic_v2,2016-01-27,filename_or_banner,,240318,
2016-01-28__30,md/2016-01-28__30.md,todo/2015-2016/2016-01-28_N_30.pdf,borndigital_deterministic_v2,2016-01-28,filename_or_banner,,172076,
2016-02-02__31,md/2016-02-02__31.md,todo/2015-2016/2016-02-02_N_31.pdf,borndigital_deterministic_v2,2016-02-02,filename_or_banner,,147125,
2016-02-08__32,md/2016-02-08__32.md,todo/2015-2016/2016-02-08_N_32.pdf,borndigital_deterministic_v2,2016-02-08,filename_or_banner,,24645,
2016-02-09__33,md/2016-02-09__33.md,todo/2015-2016/2016-02-09_N_33.pdf,borndigital_deterministic_v2,2016-02-09,filename_or_banner,,335119,
2016-02-16__34,md/2016-02-16__34.md,todo/2015-2016/2016-02-16_N_34.pdf,borndigital_deterministic_v2,2016-02-16,filename_or_banner,,80512,
2016-02-16__35,md/2016-02-16__35.md,todo/2015-2016/2016-02-16_N_35.pdf,borndigital_deterministic_v2,2016-02-16,filename_or_banner,,107382,
2016-03-01__36,md/2016-03-01__36.md,todo/2015-2016/2016-03-01_N_36.pdf,mistral_ocr4_colsplit,2016-03-01,filename,,328883,
2016-03-08__37,md/2016-03-08__37.md,todo/2015-2016/2016-03-08_N_37.pdf,borndigital_deterministic_v2,2016-03-08,filename_or_banner,,203827,
2016-03-09__38,md/2016-03-09__38.md,todo/2015-2016/2016-03-09_N_38.pdf,borndigital_deterministic_v2,2016-03-09,filename_or_banner,,93032,
2016-03-11__39,md/2016-03-11__39.md,todo/2015-2016/2016-03-11_N_39.pdf,borndigital_deterministic_v2,2016-03-11,filename_or_banner,,137027,
2016-03-12__40,md/2016-03-12__40.md,todo/2015-2016/2016-03-12_N_40.pdf,borndigital_deterministic_v2,2016-03-12,filename_or_banner,,27206,
2016-03-22__41,md/2016-03-22__41.md,todo/2015-2016/2016-03-22_N_41.pdf,borndigital_deterministic_v2,2016-03-22,filename_or_banner,,264763,
2016-03-23__42,md/2016-03-23__42.md,todo/2015-2016/2016-03-23_N_42.pdf,borndigital_deterministic_v2,2016-03-23,filename_or_banner,,238806,
2016-03-28__43,md/2016-03-28__43.md,todo/2015-2016/2016-03-28_N_43.pdf,borndigital_deterministic_v2,2016-03-28,filename_or_banner,,2001,
2016-03-29__N44,md/2016-03-29__N44.md,todo/2015-2016/2016-03-30_29_N_44.pdf,borndigital_deterministic_v2,2016-03-29,multiday_first_day_min,,63753,
2016-03-30__48,md/2016-03-30__48.md,todo/2020-2021/48.pdf,mistral_ocr4_colsplit,2016-03-30,banner_recovered,,143385,
2016-04-05__45,md/2016-04-05__45.md,todo/2016-2017/45.pdf,borndigital_deterministic_v2,2016-04-05,filename_or_banner,,303447,2016-2017/45.pdf;2015-2016/2016-04-05_N_45.pdf
2016-04-08__46,md/2016-04-08__46.md,todo/2015-2016/2016-04-08_N_46.pdf,borndigital_deterministic_v2,2016-04-08,filename_or_banner,,361854,
2016-04-09__47,md/2016-04-09__47.md,todo/2015-2016/2016-04-09_N_47.pdf,borndigital_deterministic_v2,2016-04-09,filename_or_banner,,62872,
2016-04-11__48,md/2016-04-11__48.md,todo/2015-2016/2016-04-11_N_48.pdf,borndigital_deterministic_v2,2016-04-11,filename_or_banner,,123934,
2016-04-12__49,md/2016-04-12__49.md,todo/2015-2016/2016-04-12_N_49.pdf,borndigital_deterministic_v2,2016-04-12,filename_or_banner,,162931,
2016-04-13__50,md/2016-04-13__50.md,todo/2015-2016/2016-04-13_N_50.pdf,borndigital_deterministic_v2,2016-04-13,filename_or_banner,,271752,
2016-04-14__51,md/2016-04-14__51.md,todo/2015-2016/2016-04-14_N_51.pdf,borndigital_deterministic_v2,2016-04-14,filename_or_banner,,109208,
2016-04-15__52,md/2016-04-15__52.md,todo/2016-2017/52.pdf,borndigital_deterministic_v2,2016-04-15,filename_or_banner,,58177,2016-2017/52.pdf;2016-2017/52.pdf;2015-2016/2016-04-15_N_52.pdf
2016-04-16__53,md/2016-04-16__53.md,todo/2015-2016/2016-04-16_N_53.pdf,borndigital_deterministic_v2,2016-04-16,filename_or_banner,,87083,
2016-04-18__49,md/2016-04-18__49.md,todo/2016-2017/49.pdf,mistral_ocr4_colsplit,2016-04-18,banner_recovered,,233361,
2016-04-26__54,md/2016-04-26__54.md,todo/2015-2016/2016-04-26_N_54.pdf,mistral_ocr4_colsplit,2016-04-26,filename,,376219,
2016-05-03__55,md/2016-05-03__55.md,todo/2015-2016/2016-05-03_N_55.pdf,borndigital_deterministic_v2,2016-05-03,filename_or_banner,,242805,
2016-05-10__56,md/2016-05-10__56.md,todo/2015-2016/2016-05-10_N_56.pdf,borndigital_deterministic_v2,2016-05-10,filename_or_banner,,447737,
2016-05-11__06,md/2016-05-11__06.md,todo/2016-2017/06.pdf,borndigital_deterministic_v2,2016-05-11,banner_recovered,,312410,
2016-05-11__57,md/2016-05-11__57.md,todo/2015-2016/2016-05-11_N_57.pdf,borndigital_deterministic_v2,2016-05-11,filename_or_banner,,183915,
2016-05-12__58,md/2016-05-12__58.md,todo/2015-2016/2016-05-12_N_58.pdf,borndigital_deterministic_v2,2016-05-12,filename_or_banner,,53008,
2016-05-24__59,md/2016-05-24__59.md,todo/2015-2016/2016-05-24_N_59.pdf,borndigital_deterministic_v2,2016-05-24,filename_or_banner,,256068,
2016-05-31__60,md/2016-05-31__60.md,todo/2015-2016/2016-05-31_N_60.pdf,borndigital_deterministic_v2,2016-05-31,filename_or_banner,,271271,
2016-06-01__61,md/2016-06-01__61.md,todo/2015-2016/2016-06-01_N_61.pdf,borndigital_deterministic_v2,2016-06-01,filename_or_banner,,395181,
2016-06-02__62,md/2016-06-02__62.md,todo/2015-2016/2016-06-02_N_62.pdf,borndigital_deterministic_v2,2016-06-02,filename_or_banner,,37021,
2016-06-07__63,md/2016-06-07__63.md,todo/2015-2016/2016-06-07_N_63.pdf,borndigital_deterministic_v2,2016-06-07,filename_or_banner,,392284,
2016-06-08__64,md/2016-06-08__64.md,todo/2015-2016/2016-06-08_N_64.pdf,borndigital_deterministic_v2,2016-06-08,filename_or_banner,,127367,
2016-06-09__65,md/2016-06-09__65.md,todo/2015-2016/2016-06-09_N_65.pdf,borndigital_deterministic_v2,2016-06-09,filename_or_banner,,109616,
2016-06-10__66,md/2016-06-10__66.md,todo/2015-2016/2016-06-10_N_66.pdf,mistral_ocr4_colsplit,2016-06-10,filename,,99256,
2016-06-14__67,md/2016-06-14__67.md,todo/2015-2016/2016-06-14_N_67.pdf,borndigital_deterministic_v2,2016-06-14,filename_or_banner,,66604,
2016-06-15__68,md/2016-06-15__68.md,todo/2015-2016/2016-06-15_N_68.pdf,borndigital_deterministic_v2,2016-06-15,filename_or_banner,,76750,
2016-06-21__25,md/2016-06-21__25.md,todo/2016-2017/25.pdf,borndigital_deterministic_v2,2016-06-21,filename_or_banner,,3795,
2016-06-21__69,md/2016-06-21__69.md,todo/2015-2016/2016-06-21_N_69.pdf,borndigital_deterministic_v2,2016-06-21,filename_or_banner,,173625,
2016-06-22__70,md/2016-06-22__70.md,todo/2015-2016/2016-06-22_N_70.pdf,borndigital_deterministic_v2,2016-06-22,filename_or_banner,,251681,
2016-06-23__71,md/2016-06-23__71.md,todo/2015-2016/2016-06-23_N_71.pdf,borndigital_deterministic_v2,2016-06-23,filename_or_banner,,263379,
2016-07-12__72,md/2016-07-12__72.md,todo/2015-2016/2016-07-12_N_72.pdf,mistral_ocr4_colsplit,2016-07-12,filename,,371158,
2016-08-26__No_vote_de_confiance_au_gouvernement,md/2016-08-26__No_vote_de_confiance_au_gouvernement.md,todo/extraordinary_session_2016/2016-08-26_No_vote_de_confiance_au_gouvernement.pdf,borndigital_deterministic_v2,2016-08-26,filename_or_banner,,410868,
2016-09-16__01,md/2016-09-16__01.md,todo/extraordinary_session_2016/2016-09-16_N_01.pdf,borndigital_deterministic_v2,2016-09-16,filename_or_banner,,198099,
2016-09-17__02,md/2016-09-17__02.md,todo/extraordinary_session_2016/2016-09-17_N_02.pdf,borndigital_deterministic_v2,2016-09-17,filename_or_banner,,128555,
2016-09-19__03,md/2016-09-19__03.md,todo/extraordinary_session_2016/2016-09-19_N_03.pdf,borndigital_deterministic_v2,2016-09-19,filename_or_banner,,93244,
2016-10-17__01,md/2016-10-17__01.md,todo/2016-2017/01.pdf,mistral_ocr4_colsplit,2016-10-17,banner_recovered,,103058,
2016-11-01__02,md/2016-11-01__02.md,todo/2016-2017/02.pdf,mistral_ocr4_colsplit,2016-11-01,banner_recovered,,652735,
2016-11-24__9,md/2016-11-24__9.md,todo/2016-2017/9.pdf,mistral_ocr4_colsplit,2016-11-24,banner_recovered,,415412,
2016-11-25__10,md/2016-11-25__10.md,todo/2016-2017/10.pdf,borndigital_deterministic_v2,2016-11-25,filename_or_banner,,357168,2016-2017/10.pdf
2016-11-26__11,md/2016-11-26__11.md,todo/2016-2017/11.pdf,borndigital_deterministic_v2,2016-11-26,filename_or_banner,,296892,2016-2017/11.pdf
2016-11-28__12,md/2016-11-28__12.md,todo/2016-2017/12.pdf,mistral_ocr4_colsplit,2016-11-28,banner_recovered,,324710,
2016-11-29__13,md/2016-11-29__13.md,todo/2016-2017/13.pdf,borndigital_deterministic_v2,2016-11-29,filename_or_banner,,258506,2016-2017/13.pdf
2016-11-29__48,md/2016-11-29__48.md,todo/2016-2017/48.pdf,mistral_ocr4_colsplit,2016-11-29,banner_recovered,,179972,
2016-11-30__14,md/2016-11-30__14.md,todo/2016-2017/14.pdf,mistral_ocr4_colsplit,2016-11-30,banner_recovered,,244563,
2016-12-01__15,md/2016-12-01__15.md,todo/2016-2017/15.pdf,borndigital_deterministic_v2,2016-12-01,banner_recovered,,392151,2016-2017/15.pdf;2016-2017/15.pdf;2016-2017/15.pdf
2016-12-02__16,md/2016-12-02__16.md,todo/2016-2017/16.pdf,mistral_ocr4_colsplit,2016-12-02,banner_recovered,,359257,
2016-12-03__17,md/2016-12-03__17.md,todo/2016-2017/17.pdf,borndigital_deterministic_v2,2016-12-03,filename_or_banner,,352304,2016-2017/17.pdf;2016-2017/17.pdf;2016-2017/17.pdf
2016-12-05__18,md/2016-12-05__18.md,todo/2016-2017/18.pdf,borndigital_deterministic_v2,2016-12-05,filename_or_banner,,279997,2016-2017/18.pdf;2016-2017/18.pdf
2016-12-07__19,md/2016-12-07__19.md,todo/2016-2017/19.pdf,borndigital_deterministic_v2,2016-12-07,filename_or_banner,,585185,2016-2017/19.pdf;2016-2017/19.pdf;2016-2017/19.pdf
2016-12-09__21,md/2016-12-09__21.md,todo/2016-2017/21.pdf,borndigital_deterministic_v2,2016-12-09,filename_or_banner,,108848,2016-2017/21.pdf
2016-12-10__22,md/2016-12-10__22.md,todo/2016-2017/22.pdf,borndigital_deterministic_v2,2016-12-10,filename_or_banner,,204211,
2016-12-23__23,md/2016-12-23__23.md,todo/2016-2017/23.pdf,borndigital_deterministic_v2,2016-12-23,filename_or_banner,,169165,2016-2017/23.pdf;2016-2017/23.pdf
2016-12-27__24,md/2016-12-27__24.md,todo/2016-2017/24.pdf,borndigital_deterministic_v2,2016-12-27,filename_or_banner,,116178,2016-2017/24.pdf;2016-2017/24.pdf
2016-2017__03,md/2016-2017__03.md,todo/2016-2017/03.pdf,borndigital_deterministic_v2,,session_range,2016-2017,246672,
2016-2017__04,md/2016-2017__04.md,todo/2016-2017/04.pdf,borndigital_deterministic_v2,,session_range,2016-2017,416405,
2016-2017__05,md/2016-2017__05.md,todo/2016-2017/05.pdf,borndigital_deterministic_v2,,session_range,2016-2017,307404,
2016-2017__20,md/2016-2017__20.md,todo/2016-2017/20.pdf,borndigital_deterministic_v2,,session_range,2016-2017,177281,2016-2017/20.pdf;2016-2017/20.pdf;2016-2017/20.pdf
2016-2017__7,md/2016-2017__7.md,todo/2016-2017/7.pdf,borndigital_deterministic_v2,,session_range,2016-2017,388373,2016-2017/7.pdf;2016-2017/7.pdf
2016-2017__75,md/2016-2017__75.md,todo/2016-2017/75.pdf,borndigital_deterministic_v2,,session_range,2016-2017,38390,2016-2017/75.pdf
2016-2017__8,md/2016-2017__8.md,todo/2016-2017/8.pdf,borndigital_deterministic_v2,,session_range,2016-2017,286510,
2017-01-17__26,md/2017-01-17__26.md,todo/2016-2017/26.pdf,borndigital_deterministic_v2,2017-01-17,filename_or_banner,,122637,2016-2017/26.pdf;2016-2017/26.pdf;2016-2017/26.pdf
2017-01-18__27,md/2017-01-18__27.md,todo/2016-2017/27.pdf,borndigital_deterministic_v2,2017-01-18,filename_or_banner,,31746,2016-2017/27.pdf;2016-2017/27.pdf;2016-2017/27.pdf
2017-01-31__29,md/2017-01-31__29.md,todo/2016-2017/29.pdf,borndigital_deterministic_v2,2017-01-31,filename_or_banner,,294691,2016-2017/29.pdf
2017-02-01__30,md/2017-02-01__30.md,todo/2016-2017/30.pdf,borndigital_deterministic_v2,2017-02-01,filename_or_banner,,138159,2016-2017/30.pdf
2017-02-07__31,md/2017-02-07__31.md,todo/2016-2017/31.pdf,borndigital_deterministic_v2,2017-02-07,filename_or_banner,,114026,2016-2017/31.pdf
2017-02-21__32,md/2017-02-21__32.md,todo/2016-2017/32.pdf,borndigital_deterministic_v2,2017-02-21,filename_or_banner,,249953,2016-2017/32.pdf;2016-2017/32.pdf
2017-02-22__33,md/2017-02-22__33.md,todo/2016-2017/33.pdf,mistral_ocr4_colsplit,2017-02-22,banner_recovered,,191442,
2017-02-28__34,md/2017-02-28__34.md,todo/2016-2017/34.pdf,borndigital_deterministic_v2,2017-02-28,filename_or_banner,,277668,2016-2017/34.pdf
2017-03-01__35,md/2017-03-01__35.md,todo/2016-2017/35.pdf,borndigital_deterministic_v2,2017-03-01,filename_or_banner,,189757,2016-2017/35.pdf;2016-2017/35.pdf
2017-03-03__36,md/2017-03-03__36.md,todo/2016-2017/36.pdf,borndigital_deterministic_v2,2017-03-03,filename_or_banner,,15985,2016-2017/36.pdf;2016-2017/36.pdf;2016-2017/36.pdf
2017-03-07__37,md/2017-03-07__37.md,todo/2016-2017/37.pdf,borndigital_deterministic_v2,2017-03-07,filename_or_banner,,279380,2016-2017/37.pdf;2016-2017/37.pdf
2017-03-08__38,md/2017-03-08__38.md,todo/2016-2017/38.pdf,borndigital_deterministic_v2,2017-03-08,filename_or_banner,,164223,2016-2017/38.pdf;2016-2017/38.pdf
2017-03-14__39,md/2017-03-14__39.md,todo/2016-2017/39.pdf,borndigital_deterministic_v2,2017-03-14,filename_or_banner,,186847,2016-2017/39.pdf
2017-03-16__41,md/2017-03-16__41.md,todo/2016-2017/41.pdf,borndigital_deterministic_v2,2017-03-16,filename_or_banner,,333957,2016-2017/41.pdf
2017-03-28__42,md/2017-03-28__42.md,todo/2016-2017/42.pdf,mistral_ocr4_colsplit,2017-03-28,banner_recovered,,170037,
2017-03-29__43,md/2017-03-29__43.md,todo/2016-2017/43.pdf,borndigital_deterministic_v2,2017-03-29,filename_or_banner,,325216,2016-2017/43.pdf;2016-2017/43.pdf
2017-04-04__44,md/2017-04-04__44.md,todo/2016-2017/44.pdf,borndigital_deterministic_v2,2017-04-04,filename_or_banner,,55039,2016-2017/44.pdf;2016-2017/44.pdf;2016-2017/44.pdf
2017-04-12__47,md/2017-04-12__47.md,todo/2016-2017/47.pdf,borndigital_deterministic_v2,2017-04-12,filename_or_banner,,276242,2016-2017/47.pdf
2017-04-19__50,md/2017-04-19__50.md,todo/2016-2017/50.pdf,borndigital_deterministic_v2,2017-04-19,filename_or_banner,,236404,2016-2017/50.pdf;2016-2017/50.pdf
2017-04-25__51,md/2017-04-25__51.md,todo/2016-2017/51.pdf,borndigital_deterministic_v2,2017-04-25,filename_or_banner,,200320,2016-2017/51.pdf;2016-2017/51.pdf;2016-2017/51.pdf
2017-05-16__53,md/2017-05-16__53.md,todo/2016-2017/53.pdf,borndigital_deterministic_v2,2017-05-16,filename_or_banner,,238886,2016-2017/53.pdf;2016-2017/53.pdf
2017-05-20__54,md/2017-05-20__54.md,todo/2016-2017/54.pdf,borndigital_deterministic_v2,2017-05-20,filename_or_banner,,76659,2016-2017/54.pdf;2016-2017/54.pdf
2017-05-23__55,md/2017-05-23__55.md,todo/2016-2017/55.pdf,borndigital_deterministic_v2,2017-05-23,filename_or_banner,,364178,2016-2017/55.pdf
2017-05-30__56,md/2017-05-30__56.md,todo/2016-2017/56.pdf,mistral_ocr4_colsplit,2017-05-30,banner_recovered,,239250,
2017-06-06__57,md/2017-06-06__57.md,todo/2016-2017/57.pdf,borndigital_deterministic_v2,2017-06-06,filename_or_banner,,176709,2016-2017/57.pdf
2017-06-13__58,md/2017-06-13__58.md,todo/2016-2017/58.pdf,borndigital_deterministic_v2,2017-06-13,filename_or_banner,,217813,2016-2017/58.pdf;2016-2017/58.pdf
2017-06-20__59,md/2017-06-20__59.md,todo/2016-2017/59.pdf,borndigital_deterministic_v2,2017-06-20,filename_or_banner,,116066,2016-2017/59.pdf
2017-07-04__60,md/2017-07-04__60.md,todo/2016-2017/60.pdf,borndigital_deterministic_v2,2017-07-04,filename_or_banner,,123423,2016-2017/60.pdf;2016-2017/60.pdf
2017-07-05__61,md/2017-07-05__61.md,todo/2016-2017/61.pdf,borndigital_deterministic_v2,2017-07-05,filename_or_banner,,405983,2016-2017/61.pdf;2016-2017/61.pdf
2017-07-06__62,md/2017-07-06__62.md,todo/2016-2017/62.pdf,borndigital_deterministic_v2,2017-07-06,filename_or_banner,,54515,2016-2017/62.pdf;2016-2017/62.pdf
2017-07-08__63,md/2017-07-08__63.md,todo/2016-2017/63.pdf,borndigital_deterministic_v2,2017-07-08,filename_or_banner,,258988,2016-2017/63.pdf;2016-2017/63.pdf
2017-07-10__76,md/2017-07-10__76.md,todo/2016-2017/76.pdf,borndigital_deterministic_v2,2017-07-10,filename_or_banner,,20957,2016-2017/76.pdf
2017-07-11__64,md/2017-07-11__64.md,todo/2016-2017/64.pdf,mistral_ocr4_colsplit,2017-07-11,banner_recovered,,246153,
2017-07-15__65,md/2017-07-15__65.md,todo/2016-2017/65.pdf,borndigital_deterministic_v2,2017-07-15,filename_or_banner,,207482,2016-2017/65.pdf
2017-07-17__66,md/2017-07-17__66.md,todo/2016-2017/66.pdf,mistral_ocr4_colsplit,2017-07-17,banner_recovered,,222845,
2017-07-18__67,md/2017-07-18__67.md,todo/2016-2017/67.pdf,mistral_ocr4_colsplit,2017-07-18,banner_recovered,,32916,
2017-07-19__68,md/2017-07-19__68.md,todo/2016-2017/68.pdf,borndigital_deterministic_v2,2017-07-19,filename_or_banner,,335287,2016-2017/68.pdf
2017-07-20__69,md/2017-07-20__69.md,todo/2016-2017/69.pdf,borndigital_deterministic_v2,2017-07-20,filename_or_banner,,369137,2016-2017/69.pdf
2017-07-21__70,md/2017-07-21__70.md,todo/2016-2017/70.pdf,borndigital_deterministic_v2,2017-07-21,filename_or_banner,,298335,2016-2017/70.pdf
2017-07-22__71,md/2017-07-22__71.md,todo/2016-2017/71.pdf,borndigital_deterministic_v2,2017-07-22,filename_or_banner,,202935,2016-2017/71.pdf;2016-2017/71.pdf
2017-07-24__72,md/2017-07-24__72.md,todo/2016-2017/72.pdf,mistral_ocr4_colsplit,2017-07-24,banner_recovered,,162976,
2017-07-26__73,md/2017-07-26__73.md,todo/2016-2017/73.pdf,borndigital_deterministic_v2,2017-07-26,filename_or_banner,,203632,2016-2017/73.pdf;2016-2017/73.pdf
2017-07-27__74,md/2017-07-27__74.md,todo/2016-2017/74.pdf,borndigital_deterministic_v2,2017-07-27,filename_or_banner,,310445,2016-2017/74.pdf
2017-07-27__95,md/2017-07-27__95.md,todo/2017-2018/95.pdf,borndigital_deterministic_v2,2017-07-27,filename_or_banner,,222482,
2017-09-11__01,md/2017-09-11__01.md,todo/extraordinary_session_2017/2017-09-11_N_01.pdf,mistral_ocr4_colsplit,2017-09-11,filename,,460432,
2017-09-12__02,md/2017-09-12__02.md,todo/extraordinary_session_2017/2017-09-12_N_02.pdf,borndigital_deterministic_v2,2017-09-12,filename_or_banner,,63592,
2017-09-20__03,md/2017-09-20__03.md,todo/extraordinary_session_2017/2017-09-20_N_03.pdf,borndigital_deterministic_v2,2017-09-20,filename_or_banner,,35412,
2017-09-26__04,md/2017-09-26__04.md,todo/extraordinary_session_2017/2017-09-26_N_04.pdf,borndigital_deterministic_v2,2017-09-26,filename_or_banner,,5644,
2017-10-18__1,md/2017-10-18__1.md,todo/2017-2018/1.pdf,borndigital_deterministic_v2,2017-10-18,filename_or_banner,,39419,
2017-10-27__2,md/2017-10-27__2.md,todo/2017-2018/2.pdf,borndigital_deterministic_v2,2017-10-27,filename_or_banner,,99101,2017-2018/2.pdf
2017-10-30__3,md/2017-10-30__3.md,todo/2017-2018/3.pdf,mistral_ocr4_colsplit,2017-10-30,banner_recovered,,72782,
2017-11-07__4,md/2017-11-07__4.md,todo/2017-2018/4.pdf,borndigital_deterministic_v2,2017-11-07,filename_or_banner,,151614,2017-2018/4.pdf;2017-2018/4.pdf
2017-11-11__5,md/2017-11-11__5.md,todo/2017-2018/5.pdf,borndigital_deterministic_v2,2017-11-11,filename_or_banner,,73986,2017-2018/5.pdf;2017-2018/5.pdf
2017-11-14__6,md/2017-11-14__6.md,todo/2017-2018/6.pdf,mistral_ocr4_colsplit,2017-11-14,banner_recovered,,84109,
2017-11-21__7,md/2017-11-21__7.md,todo/2017-2018/7.pdf,borndigital_deterministic_v2,2017-11-21,filename_or_banner,,396464,
2017-11-22__8,md/2017-11-22__8.md,todo/2017-2018/8.pdf,borndigital_deterministic_v2,2017-11-22,filename_or_banner,,283689,
2017-11-23__9,md/2017-11-23__9.md,todo/2017-2018/9.pdf,mistral_ocr4_colsplit,2017-11-23,banner_recovered,,364192,
2017-11-24__10,md/2017-11-24__10.md,todo/2017-2018/10.pdf,mistral_ocr4_colsplit,2017-11-24,banner_recovered,,255108,
2017-11-27__12,md/2017-11-27__12.md,todo/2017-2018/12.pdf,mistral_ocr4_colsplit,2017-11-27,banner_recovered,,449014,
2017-11-29__14,md/2017-11-29__14.md,todo/2017-2018/14.pdf,mistral_ocr4_colsplit,2017-11-29,banner_recovered,,454203,
2017-12-04__16,md/2017-12-04__16.md,todo/2017-2018/16.pdf,mistral_ocr4_colsplit,2017-12-04,banner_recovered,,437293,
2017-12-12__22,md/2017-12-12__22.md,todo/2017-2018/22.pdf,borndigital_deterministic_v2,2017-12-12,filename_or_banner,,177638,
2017-2018__86,md/2017-2018__86.md,todo/2017-2018/86.pdf,borndigital_deterministic_v2,,session_range,2017-2018,111375,
2017-2018__89,md/2017-2018__89.md,todo/2017-2018/89.pdf,borndigital_deterministic_v2,,session_range,2017-2018,153384,2017-2018/89.pdf
2018-01-09__25,md/2018-01-09__25.md,todo/2017-2018/25.pdf,borndigital_deterministic_v2,2018-01-09,filename_or_banner,,164983,
2018-01-20__29,md/2018-01-20__29.md,todo/2017-2018/29.pdf,borndigital_deterministic_v2,2018-01-20,filename_or_banner,,226388,
2018-01-27__31,md/2018-01-27__31.md,todo/2017-2018/31.pdf,borndigital_deterministic_v2,2018-01-27,filename_or_banner,,16671,
2018-02-01__33,md/2018-02-01__33.md,todo/2017-2018/33.pdf,mistral_ocr4_colsplit,2018-02-01,banner_recovered,,62025,
2018-02-10__35,md/2018-02-10__35.md,todo/2017-2018/35.pdf,borndigital_deterministic_v2,2018-02-10,filename_or_banner,,123788,
2018-02-17__39,md/2018-02-17__39.md,todo/2017-2018/39.pdf,borndigital_deterministic_v2,2018-02-17,filename_or_banner,,56476,
2018-02-24__40,md/2018-02-24__40.md,todo/2017-2018/40.pdf,borndigital_deterministic_v2,2018-02-24,filename_or_banner,,246024,
2018-03-06__41,md/2018-03-06__41.md,todo/2017-2018/41.pdf,borndigital_deterministic_v2,2018-03-06,filename_or_banner,,196639,
2018-03-10__42,md/2018-03-10__42.md,todo/2017-2018/42.pdf,mistral_ocr4_colsplit,2018-03-10,banner_recovered,,157014,
2018-03-13__43,md/2018-03-13__43.md,todo/2017-2018/43.pdf,borndigital_deterministic_v2,2018-03-13,filename_or_banner,,27303,
2018-03-22__46,md/2018-03-22__46.md,todo/2017-2018/46.pdf,mistral_ocr4_colsplit,2018-03-22,banner_recovered,,946613,
2018-03-22__50,md/2018-03-22__50.md,todo/2017-2018/50.pdf,borndigital_deterministic_v2,2018-03-22,filename_or_banner,,76615,
2018-03-23__47,md/2018-03-23__47.md,todo/2017-2018/47.pdf,borndigital_deterministic_v2,2018-03-23,filename_or_banner,,396689,
2018-03-24__48,md/2018-03-24__48.md,todo/2017-2018/48.pdf,mistral_ocr4_colsplit,2018-03-24,banner_recovered,,189627,
2018-03-26__49,md/2018-03-26__49.md,todo/2017-2018/49.pdf,mistral_ocr4_colsplit,2018-03-26,banner_recovered,,350988,
2018-04-02__75,md/2018-04-02__75.md,todo/2018-2019/75.pdf,borndigital_deterministic_v2,2018-04-02,filename_or_banner,,280445,
2018-04-03__76,md/2018-04-03__76.md,todo/2018-2019/76.pdf,borndigital_deterministic_v2,2018-04-03,filename_or_banner,,219913,
2018-04-10__56,md/2018-04-10__56.md,todo/2017-2018/56.pdf,mistral_ocr4_colsplit,2018-04-10,banner_recovered,,276839,
2018-05-08__64,md/2018-05-08__64.md,todo/2017-2018/64.pdf,mistral_ocr4_colsplit,2018-05-08,banner_recovered,,267135,
2018-05-15__65,md/2018-05-15__65.md,todo/2017-2018/65.pdf,borndigital_deterministic_v2,2018-05-15,filename_or_banner,,278769,
2018-05-16__66,md/2018-05-16__66.md,todo/2017-2018/66.pdf,mistral_ocr4_colsplit,2018-05-16,banner_recovered,,196384,
2018-05-17__49,md/2018-05-17__49.md,todo/2020-2021/49.pdf,mistral_ocr4_colsplit,2018-05-17,banner_recovered,,249107,
2018-05-21__67,md/2018-05-21__67.md,todo/2017-2018/67.pdf,mistral_ocr4_colsplit,2018-05-21,banner_recovered,,216008,
2018-05-29__72,md/2018-05-29__72.md,todo/2017-2018/72.pdf,mistral_ocr4_colsplit,2018-05-29,banner_recovered,,183313,
2018-06-21__77,md/2018-06-21__77.md,todo/2017-2018/77.pdf,borndigital_deterministic_v2,2018-06-21,filename_or_banner,,13748,
2018-06-22__80,md/2018-06-22__80.md,todo/2017-2018/80.pdf,borndigital_deterministic_v2,2018-06-22,filename_or_banner,,179945,
2018-06-25__78,md/2018-06-25__78.md,todo/2017-2018/78.pdf,mistral_ocr4_colsplit,2018-06-25,banner_recovered,,146024,
2018-07-02__81,md/2018-07-02__81.md,todo/2017-2018/81.pdf,mistral_ocr4_colsplit,2018-07-02,banner_recovered,,143918,
2018-07-03__82,md/2018-07-03__82.md,todo/2017-2018/82.pdf,mistral_ocr4_colsplit,2018-07-03,banner_recovered,,198082,
2018-07-04__83,md/2018-07-04__83.md,todo/2017-2018/83.pdf,mistral_ocr4_colsplit,2018-07-04,banner_recovered,,87302,
2018-07-06__84,md/2018-07-06__84.md,todo/2017-2018/84.pdf,mistral_ocr4_colsplit,2018-07-06,banner_recovered,,117322,
2018-07-12__87,md/2018-07-12__87.md,todo/2017-2018/87.pdf,mistral_ocr4_colsplit,2018-07-12,banner_recovered,,107342,
2018-07-19__90,md/2018-07-19__90.md,todo/2017-2018/90.pdf,mistral_ocr4_colsplit,2018-07-19,banner_recovered,,319335,
2018-07-20__91,md/2018-07-20__91.md,todo/2017-2018/91.pdf,mistral_ocr4_colsplit,2018-07-20,banner_recovered,,186062,
2018-07-23__92,md/2018-07-23__92.md,todo/2017-2018/92.pdf,mistral_ocr4_colsplit,2018-07-23,banner_recovered,,6203,
2018-07-24__93,md/2018-07-24__93.md,todo/2017-2018/93.pdf,mistral_ocr4_colsplit,2018-07-24,banner_recovered,,8054,
2018-07-26__94,md/2018-07-26__94.md,todo/2017-2018/94.pdf,mistral_ocr4_colsplit,2018-07-26,banner_recovered,,309607,
2018-07-28__96,md/2018-07-28__96.md,todo/2017-2018/96.pdf,mistral_ocr4_colsplit,2018-07-28,banner_recovered,,306140,
2018-10-08__1,md/2018-10-08__1.md,todo/2018-2019/1.pdf,borndigital_deterministic_v2,2018-10-08,filename_or_banner,,135750,
2018-10-10__3,md/2018-10-10__3.md,todo/2018-2019/3.pdf,mistral_ocr4_colsplit,2018-10-10,banner_recovered,,226472,
2018-10-22__6,md/2018-10-22__6.md,todo/2018-2019/6.pdf,mistral_ocr4_colsplit,2018-10-22,banner_recovered,,143151,
2018-10-26__8,md/2018-10-26__8.md,todo/2018-2019/8.pdf,borndigital_deterministic_v2,2018-10-26,filename_or_banner,,123430,
2018-10-29__29,md/2018-10-29__29.md,todo/2018-2019/29.pdf,borndigital_deterministic_v2,2018-10-29,filename_or_banner,,668236,
2018-10-29__9,md/2018-10-29__9.md,todo/2018-2019/9.pdf,mistral_ocr4_colsplit,2018-10-29,banner_recovered,,89068,
2018-11-02__11,md/2018-11-02__11.md,todo/2018-2019/11.pdf,borndigital_deterministic_v2,2018-11-02,filename_or_banner,,225694,
2018-11-09__13,md/2018-11-09__13.md,todo/2018-2019/13.pdf,borndigital_deterministic_v2,2018-11-09,filename_or_banner,,205534,
2018-11-12__14,md/2018-11-12__14.md,todo/2018-2019/14.pdf,mistral_ocr4_colsplit,2018-11-12,banner_recovered,,403917,
2018-11-19__16,md/2018-11-19__16.md,todo/2018-2019/16.pdf,mistral_ocr4_colsplit,2018-11-19,banner_recovered,,228098,
2018-11-28__21,md/2018-11-28__21.md,todo/2018-2019/21.pdf,borndigital_deterministic_v2,2018-11-28,filename_or_banner,,436958,
2018-11-29__22,md/2018-11-29__22.md,todo/2018-2019/22.pdf,borndigital_deterministic_v2,2018-11-29,filename_or_banner,,444434,
2018-12-02__25,md/2018-12-02__25.md,todo/2018-2019/25.pdf,borndigital_deterministic_v2,2018-12-02,filename_or_banner,,350319,
2018-12-05__28,md/2018-12-05__28.md,todo/2018-2019/28.pdf,borndigital_deterministic_v2,2018-12-05,filename_or_banner,,514621,
2018-12-07__30,md/2018-12-07__30.md,todo/2018-2019/30.pdf,borndigital_deterministic_v2,2018-12-07,filename_or_banner,,113308,
2018-12-09__32,md/2018-12-09__32.md,todo/2018-2019/32.pdf,borndigital_deterministic_v2,2018-12-09,filename_or_banner,,101462,
2018-12-10__33,md/2018-12-10__33.md,todo/2018-2019/33.pdf,mistral_ocr4_colsplit,2018-12-10,banner_recovered,,186881,
2018-2019__101,md/2018-2019__101.md,todo/2018-2019/101.pdf,borndigital_deterministic_v2,,session_range,2018-2019,128928,
2018-2019__103,md/2018-2019__103.md,todo/2018-2019/103.pdf,borndigital_deterministic_v2,,session_range,2018-2019,137745,
2018-2019__111,md/2018-2019__111.md,todo/2018-2019/111.pdf,borndigital_deterministic_v2,,session_range,2018-2019,238058,
2018-2019__114,md/2018-2019__114.md,todo/2018-2019/114.pdf,borndigital_deterministic_v2,,session_range,2018-2019,156744,
2018-2019__116,md/2018-2019__116.md,todo/2018-2019/116.pdf,borndigital_deterministic_v2,,session_range,2018-2019,32125,
2018-2019__118,md/2018-2019__118.md,todo/2018-2019/118.pdf,borndigital_deterministic_v2,,session_range,2018-2019,391019,
2018-2019__40,md/2018-2019__40.md,todo/2016-2017/40.pdf,borndigital_deterministic_v2,,session_range,2018-2019,247695,2016-2017/40.pdf
2018-2019__85,md/2018-2019__85.md,todo/2017-2018/85.pdf,borndigital_deterministic_v2,,session_range,2018-2019,187134,2017-2018/85.pdf
2019-01-02__39,md/2019-01-02__39.md,todo/2018-2019/39.pdf,borndigital_deterministic_v2,2019-01-02,filename_or_banner,,149509,
2019-01-07__38,md/2019-01-07__38.md,todo/2018-2019/38.pdf,borndigital_deterministic_v2,2019-01-07,filename_or_banner,,155357,
2019-01-11__42,md/2019-01-11__42.md,todo/2018-2019/42.pdf,mistral_ocr4_colsplit,2019-01-11,banner_recovered,,147770,
2019-01-18__45,md/2019-01-18__45.md,todo/2018-2019/45.pdf,borndigital_deterministic_v2,2019-01-18,filename_or_banner,,80776,
2019-01-21__46,md/2019-01-21__46.md,todo/2018-2019/46.pdf,mistral_ocr4_colsplit,2019-01-21,banner_recovered,,169466,
2019-01-23__48,md/2019-01-23__48.md,todo/2018-2019/48.pdf,mistral_ocr4_colsplit,2019-01-23,banner_recovered,,124231,
2019-01-28__49,md/2019-01-28__49.md,todo/2018-2019/49.pdf,mistral_ocr4_colsplit,2019-01-28,banner_recovered,,99855,
2019-01-31__52,md/2019-01-31__52.md,todo/2018-2019/52.pdf,borndigital_deterministic_v2,2019-01-31,filename_or_banner,,59485,
2019-02-04__53,md/2019-02-04__53.md,todo/2018-2019/53.pdf,borndigital_deterministic_v2,2019-02-04,filename_or_banner,,126915,
2019-02-05__54,md/2019-02-05__54.md,todo/2018-2019/54.pdf,borndigital_deterministic_v2,2019-02-05,filename_or_banner,,282639,
2019-02-08__55,md/2019-02-08__55.md,todo/2018-2019/55.pdf,borndigital_deterministic_v2,2019-02-08,filename_or_banner,,148703,
2019-02-11__56,md/2019-02-11__56.md,todo/2018-2019/56.pdf,mistral_ocr4_colsplit,2019-02-11,banner_recovered,,281687,
2019-02-12__57,md/2019-02-12__57.md,todo/2018-2019/57.pdf,borndigital_deterministic_v2,2019-02-12,filename_or_banner,,253869,
2019-02-15__59,md/2019-02-15__59.md,todo/2018-2019/59.pdf,borndigital_deterministic_v2,2019-02-15,filename_or_banner,,206812,
2019-02-25__64,md/2019-02-25__64.md,todo/2018-2019/64.pdf,mistral_ocr4_colsplit,2019-02-25,banner_recovered,,543651,
2019-02-27__66,md/2019-02-27__66.md,todo/2018-2019/66.pdf,mistral_ocr4_colsplit,2019-02-27,banner_recovered,,169825,
2019-03-01__68,md/2019-03-01__68.md,todo/2018-2019/68.pdf,borndigital_deterministic_v2,2019-03-01,filename_or_banner,,69412,
2019-03-05__67,md/2019-03-05__67.md,todo/2018-2019/67.pdf,mistral_ocr4_colsplit,2019-03-05,banner_recovered,,372304,
2019-03-08__69,md/2019-03-08__69.md,todo/2018-2019/69.pdf,borndigital_deterministic_v2,2019-03-08,filename_or_banner,,293194,
2019-03-12__70,md/2019-03-12__70.md,todo/2018-2019/70.pdf,borndigital_deterministic_v2,2019-03-12,filename_or_banner,,183684,
2019-03-25__72,md/2019-03-25__72.md,todo/2018-2019/72.pdf,mistral_ocr4_colsplit,2019-03-25,banner_recovered,,147410,
2019-03-27__74,md/2019-03-27__74.md,todo/2018-2019/74.pdf,borndigital_deterministic_v2,2019-03-27,filename_or_banner,,307475,
2019-04-04__77,md/2019-04-04__77.md,todo/2018-2019/77.pdf,borndigital_deterministic_v2,2019-04-04,filename_or_banner,,22844,
2019-04-08__78,md/2019-04-08__78.md,todo/2018-2019/78.pdf,mistral_ocr4_colsplit,2019-04-08,banner_recovered,,153468,
2019-04-10__79,md/2019-04-10__79.md,todo/2018-2019/79.pdf,borndigital_deterministic_v2,2019-04-10,filename_or_banner,,109804,
2019-04-11__80,md/2019-04-11__80.md,todo/2018-2019/80.pdf,borndigital_deterministic_v2,2019-04-11,filename_or_banner,,93531,
2019-04-11__81,md/2019-04-11__81.md,todo/2018-2019/81.pdf,borndigital_deterministic_v2,2019-04-11,filename_or_banner,,223504,
2019-04-16__82,md/2019-04-16__82.md,todo/2018-2019/82.pdf,borndigital_deterministic_v2,2019-04-16,filename_or_banner,,235458,
2019-04-17__83,md/2019-04-17__83.md,todo/2018-2019/83.pdf,borndigital_deterministic_v2,2019-04-17,filename_or_banner,,227886,
2019-04-23__84,md/2019-04-23__84.md,todo/2018-2019/84.pdf,borndigital_deterministic_v2,2019-04-23,filename_or_banner,,319832,
2019-04-28__86,md/2019-04-28__86.md,todo/2018-2019/86.pdf,borndigital_deterministic_v2,2019-04-28,filename_or_banner,,41046,
2019-04-30__87,md/2019-04-30__87.md,todo/2018-2019/87.pdf,borndigital_deterministic_v2,2019-04-30,filename_or_banner,,159518,
2019-05-03__88,md/2019-05-03__88.md,todo/2018-2019/88.pdf,borndigital_deterministic_v2,2019-05-03,filename_or_banner,,117971,
2019-05-20__90,md/2019-05-20__90.md,todo/2018-2019/90.pdf,borndigital_deterministic_v2,2019-05-20,filename_or_banner,,103567,
2019-05-21__91,md/2019-05-21__91.md,todo/2018-2019/91.pdf,borndigital_deterministic_v2,2019-05-21,filename_or_banner,,225033,
2019-05-21__94,md/2019-05-21__94.md,todo/2018-2019/94.pdf,borndigital_deterministic_v2,2019-05-21,filename_or_banner,,155488,
2019-05-22__92,md/2019-05-22__92.md,todo/2018-2019/92.pdf,borndigital_deterministic_v2,2019-05-22,filename_or_banner,,309484,
2019-05-23__93,md/2019-05-23__93.md,todo/2018-2019/93.pdf,borndigital_deterministic_v2,2019-05-23,filename_or_banner,,11715,
2019-05-29__95,md/2019-05-29__95.md,todo/2018-2019/95.pdf,borndigital_deterministic_v2,2019-05-29,filename_or_banner,,162472,
2019-05-30__96,md/2019-05-30__96.md,todo/2018-2019/96.pdf,borndigital_deterministic_v2,2019-05-30,filename_or_banner,,58253,
2019-06-11__97,md/2019-06-11__97.md,todo/2018-2019/97.pdf,borndigital_deterministic_v2,2019-06-11,filename_or_banner,,294850,
2019-06-12__100,md/2019-06-12__100.md,todo/2018-2019/100.pdf,borndigital_deterministic_v2,2019-06-12,filename_or_banner,,145768,
2019-06-12__98,md/2019-06-12__98.md,todo/2018-2019/98.pdf,borndigital_deterministic_v2,2019-06-12,filename_or_banner,,78684,
2019-06-13__99,md/2019-06-13__99.md,todo/2018-2019/99.pdf,borndigital_deterministic_v2,2019-06-13,filename_or_banner,,143346,
2019-06-22__105,md/2019-06-22__105.md,todo/2018-2019/105.pdf,borndigital_deterministic_v2,2019-06-22,filename_or_banner,,86166,
2019-06-25__104,md/2019-06-25__104.md,todo/2018-2019/104.pdf,borndigital_deterministic_v2,2019-06-25,filename_or_banner,,217216,
2019-07-01__106,md/2019-07-01__106.md,todo/2018-2019/106.pdf,borndigital_deterministic_v2,2019-07-01,filename_or_banner,,62254,
2019-07-02__107,md/2019-07-02__107.md,todo/2018-2019/107.pdf,borndigital_deterministic_v2,2019-07-02,filename_or_banner,,52065,
2019-07-03__108,md/2019-07-03__108.md,todo/2018-2019/108.pdf,borndigital_deterministic_v2,2019-07-03,filename_or_banner,,13059,
2019-07-09__109,md/2019-07-09__109.md,todo/2018-2019/109.pdf,borndigital_deterministic_v2,2019-07-09,filename_or_banner,,136062,
2019-07-10__110,md/2019-07-10__110.md,todo/2018-2019/110.pdf,borndigital_deterministic_v2,2019-07-10,filename_or_banner,,6402,
2019-07-11__112,md/2019-07-11__112.md,todo/2018-2019/112.pdf,borndigital_deterministic_v2,2019-07-11,filename_or_banner,,3349,
2019-07-16__113,md/2019-07-16__113.md,todo/2018-2019/113.pdf,mistral_ocr4_colsplit,2019-07-16,banner_recovered,,185631,
2019-07-18__115,md/2019-07-18__115.md,todo/2018-2019/115.pdf,borndigital_deterministic_v2,2019-07-18,filename_or_banner,,10004,
2019-07-23__117,md/2019-07-23__117.md,todo/2018-2019/117.pdf,borndigital_deterministic_v2,2019-07-23,filename_or_banner,,1109,
2019-08-22__01_Revision_de_la_loi_electorale,md/2019-08-22__01_Revision_de_la_loi_electorale.md,todo/extraordinary_session_2019/2019-08-22_N_01_Revision_de_la_loi_electorale.pdf,borndigital_deterministic_v2,2019-08-22,filename_or_banner,,153154,
2019-10-23__02_Le_Serment_constitutionnel_de_Said,md/2019-10-23__02_Le_Serment_constitutionnel_de_Said.md,todo/extraordinary_session_2019/2019-10-23_N_02_Le_Serment_constitutionnel_de_Said.pdf,borndigital_deterministic_v2,2019-10-23,filename_or_banner,,14693,
2019-12-13__34,md/2019-12-13__34.md,todo/2018-2019/34.pdf,borndigital_deterministic_v2,2019-12-13,filename_or_banner,,244909,
2020-01-22__8,md/2020-01-22__8.md,todo/2020-2021/8.pdf,borndigital_deterministic_v2,2020-01-22,filename_or_banner,,197485,
2020-02-24__47,md/2020-02-24__47.md,todo/2020-2021/47.pdf,borndigital_deterministic_v2,2020-02-24,filename_or_banner,,328182,
2020-09-22__11,md/2020-09-22__11.md,todo/2020-2021/11.pdf,borndigital_deterministic_v2,2020-09-22,filename_or_banner,,394000,
2020-09-24__1,md/2020-09-24__1.md,todo/2020-2021/1.pdf,borndigital_deterministic_v2,2020-09-24,filename_or_banner,,388532,
2020-10-08__2,md/2020-10-08__2.md,todo/2020-2021/2.pdf,borndigital_deterministic_v2,2020-10-08,filename_or_banner,,407070,
2020-10-20__3,md/2020-10-20__3.md,todo/2020-2021/3.pdf,mistral_ocr4_colsplit,2020-10-20,banner_recovered,,206626,
2020-10-21__45,md/2020-10-21__45.md,todo/2020-2021/45.pdf,borndigital_deterministic_v2,2020-10-21,filename_or_banner,,464534,
2020-11-05__6,md/2020-11-05__6.md,todo/2020-2021/6.pdf,mistral_ocr4_colsplit,2020-11-05,banner_recovered,,405160,
2020-11-11__40,md/2020-11-11__40.md,todo/2020-2021/40.pdf,borndigital_deterministic_v2,2020-11-11,filename_or_banner,,255050,
2020-11-12__9,md/2020-11-12__9.md,todo/2020-2021/9.pdf,mistral_ocr4_colsplit,2020-11-12,banner_recovered,,356172,
2020-11-14__10,md/2020-11-14__10.md,todo/2020-2021/10.pdf,borndigital_deterministic_v2,2020-11-14,filename_or_banner,,99013,
2020-11-28__12,md/2020-11-28__12.md,todo/2020-2021/12.pdf,mistral_ocr4_colsplit,2020-11-28,banner_recovered,,466859,
2020-11-29__13,md/2020-11-29__13.md,todo/2020-2021/13.pdf,borndigital_deterministic_v2,2020-11-29,filename_or_banner,,484554,
2020-11-30__14,md/2020-11-30__14.md,todo/2020-2021/14.pdf,mistral_ocr4_colsplit,2020-11-30,banner_recovered,,575875,
2020-12-02__16,md/2020-12-02__16.md,todo/2020-2021/16.pdf,mistral_ocr4_colsplit,2020-12-02,banner_recovered,,547954,
2020-12-04__18,md/2020-12-04__18.md,todo/2020-2021/18.pdf,borndigital_deterministic_v2,2020-12-04,filename_or_banner,,601367,
2020-12-07__21,md/2020-12-07__21.md,todo/2020-2021/21.pdf,borndigital_deterministic_v2,2020-12-07,filename_or_banner,,134573,
2020-12-08__22,md/2020-12-08__22.md,todo/2020-2021/22.pdf,borndigital_deterministic_v2,2020-12-08,filename_or_banner,,160439,
2020-12-09__23,md/2020-12-09__23.md,todo/2020-2021/23.pdf,borndigital_deterministic_v2,2020-12-09,filename_or_banner,,255124,
2020-12-15__24,md/2020-12-15__24.md,todo/2020-2021/24.pdf,borndigital_deterministic_v2,2020-12-15,filename_or_banner,,143087,
2021-01-05__25,md/2021-01-05__25.md,todo/2020-2021/25.pdf,borndigital_deterministic_v2,2021-01-05,filename_or_banner,,70355,
2021-01-19__31,md/2021-01-19__31.md,todo/2020-2021/31.pdf,borndigital_deterministic_v2,2021-01-19,filename_or_banner,,284124,
2021-01-22__30,md/2021-01-22__30.md,todo/2020-2021/30.pdf,borndigital_deterministic_v2,2021-01-22,filename_or_banner,,185892,
2021-02-01__28,md/2021-02-01__28.md,todo/2020-2021/28.pdf,borndigital_deterministic_v2,2021-02-01,filename_or_banner,,143512,
2021-02-16__33,md/2021-02-16__33.md,todo/2020-2021/33.pdf,mistral_ocr4_colsplit,2021-02-16,banner_recovered,,252868,
2021-02-19__34,md/2021-02-19__34.md,todo/2020-2021/34.pdf,borndigital_deterministic_v2,2021-02-19,filename_or_banner,,393641,
2021-03-01__37,md/2021-03-01__37.md,todo/2020-2021/37.pdf,borndigital_deterministic_v2,2021-03-01,filename_or_banner,,306980,
2021-03-04__41,md/2021-03-04__41.md,todo/2020-2021/41.pdf,borndigital_deterministic_v2,2021-03-04,filename_or_banner,,306658,
2021-03-18__46,md/2021-03-18__46.md,todo/2020-2021/46.pdf,mistral_ocr4_colsplit,2021-03-18,banner_recovered,,341564,
2021-03-22__42,md/2021-03-22__42.md,todo/2020-2021/42.pdf,mistral_ocr4_colsplit,2021-03-22,banner_recovered,,268159,
2023-03-31__01,md/2023-03-31__01.md,todo/2023/2023-03-31_N_-_01.pdf,borndigital_deterministic_v2,2023-03-31,filename_or_banner,,35598,
2023-04-11__02,md/2023-04-11__02.md,todo/2023/2023-04-11_N_-_02.pdf,borndigital_deterministic_v2,2023-04-11,filename_or_banner,,128789,
2023-04-12__03,md/2023-04-12__03.md,todo/2023/2023-04-12N_-_03.pdf,borndigital_deterministic_v2,2023-04-12,filename_or_banner,,91621,
2023-04-13__04,md/2023-04-13__04.md,todo/2023/2023-04-13_N_-_04.pdf,borndigital_deterministic_v2,2023-04-13,filename_or_banner,,88191,
2023-04-14__05,md/2023-04-14__05.md,todo/2023/2023-04-14_N_-_05.pdf,borndigital_deterministic_v2,2023-04-14,filename_or_banner,,86569,
2023-04-25__06,md/2023-04-25__06.md,todo/2023/2023-04-25_N_-_06.pdf,borndigital_deterministic_v2,2023-04-25,filename_or_banner,,193554,
2023-04-26__07,md/2023-04-26__07.md,todo/2023/2023-04-26_N_-_07.pdf,borndigital_deterministic_v2,2023-04-26,filename_or_banner,,99009,
2023-04-27__08,md/2023-04-27__08.md,todo/2023/2023-04-27_N_-_08.pdf,borndigital_deterministic_v2,2023-04-27,filename_or_banner,,170309,
2023-04-29__09,md/2023-04-29__09.md,todo/2023/2023-04-29_N_-_09.pdf,borndigital_deterministic_v2,2023-04-29,filename_or_banner,,159578,
2023-05-11__10,md/2023-05-11__10.md,todo/2023/2023-05--_16_-18_-11_N_-_10.pdf,borndigital_deterministic_v2,2023-05-11,manual_multiday_first_day,,119422,
2023-05-23__11,md/2023-05-23__11.md,todo/2023/2023-05-23_N_-_11.pdf,borndigital_deterministic_v2,2023-05-23,filename_or_banner,,29844,
2023-06-01__12,md/2023-06-01__12.md,todo/2023/2023-06-01_N_-_12.pdf,borndigital_deterministic_v2,2023-06-01,filename_or_banner,,186410,
2023-07-05__13,md/2023-07-05__13.md,todo/2023/2023-07-05N_-_13.pdf,borndigital_deterministic_v2,2023-07-05,filename_or_banner,,355497,
2023-07-11__14,md/2023-07-11__14.md,todo/2023/2023-07-11_N_-_14.pdf,borndigital_deterministic_v2,2023-07-11,filename_or_banner,,282575,
2023-07-17__15,md/2023-07-17__15.md,todo/2023/2023-07-17_N_-_15.pdf,borndigital_deterministic_v2,2023-07-17,filename_or_banner,,524528,
2023-07-21__16,md/2023-07-21__16.md,todo/2023/2023-07-21_N_-_16.pdf,borndigital_deterministic_v2,2023-07-21,filename_or_banner,,206763,
2023-07-24__17,md/2023-07-24__17.md,todo/2023/2023-07-24_N_-_17.pdf,borndigital_deterministic_v2,2023-07-24,filename_or_banner,,437294,
2023-07-26__18,md/2023-07-26__18.md,todo/2023/2023-07-26_N_-_18.pdf,borndigital_deterministic_v2,2023-07-26,filename_or_banner,,436852,
2023-07-28__19,md/2023-07-28__19.md,todo/2023/2023-07-28_N_-_19.pdf,borndigital_deterministic_v2,2023-07-28,filename_or_banner,,308336,
2023-07-29__20,md/2023-07-29__20.md,todo/2023/2023-07-29_N_-_20.pdf,borndigital_deterministic_v2,2023-07-29,filename_or_banner,,337406,
2023-07-31__21,md/2023-07-31__21.md,todo/2023/2023-07-31_N_-_21.pdf,borndigital_deterministic_v2,2023-07-31,filename_or_banner,,271225,
2023-10-03__01,md/2023-10-03__01.md,todo/2023-2024/2023-10-03_N_-_01.pdf,borndigital_deterministic_v2,2023-10-03,filename_or_banner,,280408,
2023-10-17__02,md/2023-10-17__02.md,todo/2023-2024/2023-10-17_N_-_02.pdf,borndigital_deterministic_v2,2023-10-17,filename_or_banner,,296544,
2023-10-17__03,md/2023-10-17__03.md,todo/2023-2024/2023-10-17_N_-_03.pdf,borndigital_deterministic_v2,2023-10-17,filename_or_banner,,299932,
2023-10-23__04,md/2023-10-23__04.md,todo/2023-2024/2023-10-23_N_-_04.pdf,borndigital_deterministic_v2,2023-10-23,filename_or_banner,,389210,
2023-10-31__05,md/2023-10-31__05.md,todo/2023-2024/2023-10-31_N_-_05.pdf,borndigital_deterministic_v2,2023-10-31,filename_or_banner,,377754,
2023-11-02__06,md/2023-11-02__06.md,todo/2023-2024/2023-11-02_N_-_06.pdf,borndigital_deterministic_v2,2023-11-02,filename_or_banner,,292920,
2023-11-17__N07,md/2023-11-17__N07.md,todo/2023-2024/2023-11-17_18_N_-_07.pdf,borndigital_deterministic_v2,2023-11-17,multiday_first_day_min,,479638,
2023-11-18__08,md/2023-11-18__08.md,todo/2023-2024/2023-11-18_N_-_08.pdf,borndigital_deterministic_v2,2023-11-18,filename_or_banner,,115467,
2023-11-18__09,md/2023-11-18__09.md,todo/2023-2024/2023-11-18_N_-_09.pdf,borndigital_deterministic_v2,2023-11-18,filename_or_banner,,328613,
2023-11-21__10,md/2023-11-21__10.md,todo/2023-2024/2023-11-21_N_-_10.pdf,borndigital_deterministic_v2,2023-11-21,filename_or_banner,,368742,
2023-11-23__11,md/2023-11-23__11.md,todo/2023-2024/2023-11-23_N_-_11.pdf,borndigital_deterministic_v2,2023-11-23,filename_or_banner,,272632,
2023-11-23__12,md/2023-11-23__12.md,todo/2023-2024/2023-11-23_N_-_12.pdf,borndigital_deterministic_v2,2023-11-23,filename_or_banner,,324244,
2023-11-24__13,md/2023-11-24__13.md,todo/2023-2024/2023-11-24_N_-_13.pdf,borndigital_deterministic_v2,2023-11-24,filename_or_banner,,441010,
2023-11-25__14,md/2023-11-25__14.md,todo/2023-2024/2023-11-25_N_-_14.pdf,borndigital_deterministic_v2,2023-11-25,filename_or_banner,,405731,
2023-11-27__15,md/2023-11-27__15.md,todo/2023-2024/2023-11-27_N_-_15.pdf,borndigital_deterministic_v2,2023-11-27,filename_or_banner,,347067,
2023-11-28__16,md/2023-11-28__16.md,todo/2023-2024/2023-11-28_N_-_16.pdf,borndigital_deterministic_v2,2023-11-28,filename_or_banner,,484814,
2023-11-29__17,md/2023-11-29__17.md,todo/2023-2024/2023-11-29_N_-_17.pdf,borndigital_deterministic_v2,2023-11-29,filename_or_banner,,545328,
2023-11-30__18,md/2023-11-30__18.md,todo/2023-2024/2023-11-30_N_-_18.pdf,borndigital_deterministic_v2,2023-11-30,filename_or_banner,,388391,
2023-12-01__19,md/2023-12-01__19.md,todo/2023-2024/2023-12-01_N_-_19.pdf,borndigital_deterministic_v2,2023-12-01,filename_or_banner,,420959,
2023-12-02__20,md/2023-12-02__20.md,todo/2023-2024/2023-12-02_N_-_20.pdf,borndigital_deterministic_v2,2023-12-02,filename_or_banner,,424807,
2023-12-04__21,md/2023-12-04__21.md,todo/2023-2024/2023-12-04_N_-_21.pdf,mistral_ocr4_colsplit,2023-12-04,filename,,286743,
2023-12-05__22,md/2023-12-05__22.md,todo/2023-2024/2023-12-05_N_-_22.pdf,borndigital_deterministic_v2,2023-12-05,filename_or_banner,,355268,
2023-12-06__23,md/2023-12-06__23.md,todo/2023-2024/2023-12-06_N_-_23.pdf,borndigital_deterministic_v2,2023-12-06,filename_or_banner,,586358,
2023-12-07__24,md/2023-12-07__24.md,todo/2023-2024/2023-12-07_N_-_24.pdf,borndigital_deterministic_v2,2023-12-07,filename_or_banner,,147022,
2023-12-08__25,md/2023-12-08__25.md,todo/2023-2024/2023-12-08_N_-_25.pdf,borndigital_deterministic_v2,2023-12-08,filename_or_banner,,61147,
2023-12-09__26,md/2023-12-09__26.md,todo/2023-2024/2023-12-09_N_-_26.pdf,borndigital_deterministic_v2,2023-12-09,filename_or_banner,,91041,
2023-12-10__27,md/2023-12-10__27.md,todo/2023-2024/2023-12-10_N_-_27.pdf,borndigital_deterministic_v2,2023-12-10,filename_or_banner,,190691,
2023-12-26__28,md/2023-12-26__28.md,todo/2023-2024/2023-12-26_N_-_28.pdf,borndigital_deterministic_v2,2023-12-26,filename_or_banner,,304492,
2024-01-16__N29,md/2024-01-16__N29.md,todo/2023-2024/2024-01-16_-_17_N_-_29.pdf,borndigital_deterministic_v2,2024-01-16,multiday_first_day_min,,351158,
2024-01-23__30,md/2024-01-23__30.md,todo/2023-2024/2024-01-23_N_-_30.pdf,borndigital_deterministic_v2,2024-01-23,filename_or_banner,,236826,
2024-01-30__31,md/2024-01-30__31.md,todo/2023-2024/2024-01-30_N_-_31.pdf,borndigital_deterministic_v2,2024-01-30,filename_or_banner,,209804,
2024-02-06__N32,md/2024-02-06__N32.md,todo/2023-2024/2024-02-7_-_6_N_-_32.pdf,borndigital_deterministic_v2,2024-02-06,multiday_first_day_min,,686555,
2024-02-13__N33,md/2024-02-13__N33.md,todo/2023-2024/2024-02-14_-_13_N_-_33.pdf,borndigital_deterministic_v2,2024-02-13,multiday_first_day_min,,438807,
2024-02-20__N34,md/2024-02-20__N34.md,todo/2023-2024/2024-02-20_-_21_N_-_34.pdf,borndigital_deterministic_v2,2024-02-20,multiday_first_day_min,,982894,
2024-02-27__35,md/2024-02-27__35.md,todo/2023-2024/2024-02-27_N_-_35.pdf,borndigital_deterministic_v2,2024-02-27,filename_or_banner,,487341,
2024-03-06__36,md/2024-03-06__36.md,todo/2023-2024/2024-03-06_N_-_36.pdf,borndigital_deterministic_v2,2024-03-06,filename_or_banner,,502725,
2024-03-27__37,md/2024-03-27__37.md,todo/2023-2024/2024-03-27_N_-_37.pdf,borndigital_deterministic_v2,2024-03-27,filename_or_banner,,455556,
2024-05-07__38,md/2024-05-07__38.md,todo/2023-2024/2024-05-07_N_-_38.pdf,borndigital_deterministic_v2,2024-05-07,filename_or_banner,,472911,
2024-05-20__N39,md/2024-05-20__N39.md,todo/2023-2024/2024-05-20_-_21_N_-_39.pdf,borndigital_deterministic_v2,2024-05-20,multiday_first_day_min,,619872,
2024-05-29__40,md/2024-05-29__40.md,todo/2023-2024/2024-05-29_N_-_40.pdf,borndigital_deterministic_v2,2024-05-29,filename_or_banner,,290898,
2024-06-04__N41,md/2024-06-04__N41.md,todo/2023-2024/2024-06-05_-_04_N_-_41.pdf,borndigital_deterministic_v2,2024-06-04,multiday_first_day_min,,543266,
2024-06-12__42,md/2024-06-12__42.md,todo/2023-2024/2024-06-12_N_-_42.pdf,borndigital_deterministic_v2,2024-06-12,filename_or_banner,,336605,
2024-06-21__N43,md/2024-06-21__N43.md,todo/2023-2024/2024-06-21_-_21_N_-_43.pdf,borndigital_deterministic_v2,2024-06-21,multiday_first_day_min,,862084,
2024-06-25__N44,md/2024-06-25__N44.md,todo/2023-2024/2024-06-26_-_25_N_-_44.pdf,mistral_ocr4_colsplit,2024-06-25,multiday_first_day_min,,267995,
2024-07-02__N45,md/2024-07-02__N45.md,todo/2023-2024/2024-07-_3_-_2_N_-_45.pdf,borndigital_deterministic_v2,2024-07-02,multiday_first_day_min,,306057,
2024-07-06__N46,md/2024-07-06__N46.md,todo/2023-2024/2024-07-_7_-_6_N_-_46.pdf,borndigital_deterministic_v2,2024-07-06,multiday_first_day_min,,355856,
2024-07-16__N47,md/2024-07-16__N47.md,todo/2023-2024/2024-07-_17_-_16_N_-_47.pdf,borndigital_deterministic_v2,2024-07-16,multiday_first_day_min,,378527,
2024-07-23__48,md/2024-07-23__48.md,todo/2023-2024/2024-07-23_N_-_48.pdf,borndigital_deterministic_v2,2024-07-23,filename_or_banner,,298801,
2024-07-30__N49,md/2024-07-30__N49.md,todo/2023-2024/2024-07-_31_-_30_N_-_49.pdf,borndigital_deterministic_v2,2024-07-30,multiday_first_day_min,,847021,
2024-09-27__Session_Ordinaire,md/2024-09-27__Session_Ordinaire.md,todo/2023-2024/Session_Ordinaire_27-09-2024.pdf,mistral_ocr4_colsplit,2024-09-27,filename,,435463,
2024-10-29__01,md/2024-10-29__01.md,todo/2024-2025/29-10-2024_N_-_01.pdf,mistral_ocr4_colsplit,2024-10-29,filename,,736577,
2024-11-08__02,md/2024-11-08__02.md,todo/2024-2025/08-11-2024_N_-_02.pdf,borndigital_deterministic_v2,2024-11-08,filename_or_banner,,639705,
2024-11-09__03,md/2024-11-09__03.md,todo/2024-2025/09-11-2024_N_-_03.pdf,borndigital_deterministic_v2,2024-11-09,filename,,684472,
2024-11-11__04,md/2024-11-11__04.md,todo/2024-2025/11-11-2024_N_-_04.pdf,borndigital_deterministic_v2,2024-11-11,filename,,421956,
2024-11-11__05,md/2024-11-11__05.md,todo/2024-2025/11-11-2024_N_-_05.pdf,borndigital_deterministic_v2,2024-11-11,filename,,470421,
2024-11-12__06,md/2024-11-12__06.md,todo/2024-2025/12-11-2024_N_-_06.pdf,borndigital_deterministic_v2,2024-11-12,filename_or_banner,,345947,
2024-11-13__07,md/2024-11-13__07.md,todo/2024-2025/13-11-2024_N_-_07.pdf,borndigital_deterministic_v2,2024-11-13,filename_or_banner,,544273,
2024-11-14__08,md/2024-11-14__08.md,todo/2024-2025/14-11-2024_N_-_08.pdf,borndigital_deterministic_v2,2024-11-14,filename,,498673,
2024-11-15__09,md/2024-11-15__09.md,todo/2024-2025/15-11-2024_N_-_09.pdf,mistral_ocr4_colsplit,2024-11-15,filename,,476088,
2024-11-16__10,md/2024-11-16__10.md,todo/2024-2025/16-11-2024_N_-_10.pdf,mistral_ocr4_colsplit,2024-11-16,filename,,88128,
2024-11-17__11,md/2024-11-17__11.md,todo/2024-2025/17-11-2024_N_-_11.pdf,mistral_ocr4_colsplit,2024-11-17,filename,,460442,
2024-11-18__12,md/2024-11-18__12.md,todo/2024-2025/18-11-2024_N_-_12.pdf,mistral_ocr4_colsplit,2024-11-18,filename,,472354,
2024-11-19__13,md/2024-11-19__13.md,todo/2024-2025/19-11-2024_N_-_13.pdf,borndigital_deterministic_v2,2024-11-19,filename,,485842,
2024-11-20__14,md/2024-11-20__14.md,todo/2024-2025/20-11-2024_N_-_14.pdf,mistral_ocr4_colsplit,2024-11-20,filename,,114613,
2024-11-21__15,md/2024-11-21__15.md,todo/2024-2025/21-11-2024_N_-_15.pdf,mistral_ocr4_colsplit,2024-11-21,filename,,149505,
2024-11-25__17,md/2024-11-25__17.md,todo/2024-2025/25-11-2024_N_-_17.pdf,mistral_ocr4_colsplit,2024-11-25,filename,,388504,
2024-11-26__18,md/2024-11-26__18.md,todo/2024-2025/26-11-2024_N_-_18.pdf,mistral_ocr4_colsplit,2024-11-26,filename,,90417,
2024-11-27__19,md/2024-11-27__19.md,todo/2024-2025/27-11-2024_N_-_19.pdf,mistral_ocr4_colsplit,2024-11-27,filename,,199420,
2024-11-28__20,md/2024-11-28__20.md,todo/2024-2025/28-11-2024_N_-_20.pdf,mistral_ocr4_colsplit,2024-11-28,filename,,157554,
2024-11-29__21,md/2024-11-29__21.md,todo/2024-2025/29-11-2024_N_-_21.pdf,borndigital_deterministic_v2,2024-11-29,filename,,7350,
2024-11-30__22,md/2024-11-30__22.md,todo/2024-2025/30-11-2024_N_-_22.pdf,borndigital_deterministic_v2,2024-11-30,filename,,62077,
2024-12-01__23,md/2024-12-01__23.md,todo/2024-2025/01-12-2024_N_-_23.pdf,borndigital_deterministic_v2,2024-12-01,filename,,191373,
2024-12-02__24,md/2024-12-02__24.md,todo/2024-2025/02-12-2024_N_-_24.pdf,borndigital_deterministic_v2,2024-12-02,filename,,78839,
2024-12-03__25,md/2024-12-03__25.md,todo/2024-2025/03-12-2024_N_-_25.pdf,borndigital_deterministic_v2,2024-12-03,filename,,200012,
2024-12-09__27,md/2024-12-09__27.md,todo/2024-2025/09-12-2024_N_-_27.pdf,borndigital_deterministic_v2,2024-12-09,filename,,22575,
2024-12-09__28,md/2024-12-09__28.md,todo/2024-2025/09-12-2024_N_-_28.pdf,borndigital_deterministic_v2,2024-12-09,filename,,140435,
2024-12-20__29,md/2024-12-20__29.md,todo/2024-2025/20-12-2024_N_-_29.pdf,borndigital_deterministic_v2,2024-12-20,filename,,174505,
2024-12-25__N30,md/2024-12-25__N30.md,todo/2024-2025/25-26_12-2024_N_-_30.pdf,borndigital_deterministic_v2,2024-12-25,multiday_first_day_min,,44849,
2024-12-31__31,md/2024-12-31__31.md,todo/2024-2025/31-12-2024_N_-_31.pdf,borndigital_deterministic_v2,2024-12-31,filename,,143247,
2025-01-07__N32,md/2025-01-07__N32.md,todo/2024-2025/07_08_01-2025_N_-_32.pdf,borndigital_deterministic_v2,2025-01-07,multiday_first_day_min,,321527,
2025-06-20__26,md/2025-06-20__26.md,todo/2024-2025/04-12-2024_N_-_26.pdf,borndigital_deterministic_v2,2025-06-20,filename_or_banner,,84079,
